value,corpora,blended_skill_talk/f1,empathetic_dialogues/f1,wizard_of_internet/f1,wizard_of_wikipedia/f1,model
0.12910529598593712,TDEC,0.12940680980682373,0.11223812401294708,0.14600950479507446,0.1287667453289032,350M
0.12916089221835136,TDEC,0.14144188165664673,0.10603713989257812,0.13689275085926056,0.13227179646492004,350M
0.12423050031065941,TDEC,0.13013781607151031,0.10304297506809235,0.1341647207736969,0.12957648932933807,350M
0.12410325929522514,TDEC,0.13003025949001312,0.10523195564746857,0.13189586997032166,0.12925495207309723,350M
0.12294456548988819,TDEC,0.12341074645519257,0.10874154418706894,0.14142002165317535,0.1182059496641159,350M
0.12514050863683224,TDEC,0.12878447771072388,0.10725536197423935,0.1360357105731964,0.1284864842891693,350M
0.11736022308468819,TDEC,0.11886461824178696,0.1020604819059372,0.1285633146762848,0.1199524775147438,350M
0.11966503784060478,TDEC,0.11679263412952423,0.10442938655614853,0.13776127994060516,0.1196768507361412,350M
0.12961888313293457,TDEC,0.13003017008304596,0.11460930109024048,0.1401173323392868,0.13371872901916504,350M
0.12207522802054882,TDEC,0.11822612583637238,0.10965468734502792,0.13629832863807678,0.1241217702627182,350M
0.1230423990637064,TDEC,0.12268487364053726,0.10994701087474823,0.13501408696174622,0.12452362477779388,350M
0.12248319201171398,TDEC,0.1223512664437294,0.10528676211833954,0.14029790461063385,0.12199683487415314,350M
0.12220229022204876,TDEC,0.12160012871026993,0.10659226030111313,0.14117315411567688,0.1194436177611351,350M
0.1183211151510477,TDEC,0.11525437980890274,0.1072436198592186,0.1317247748374939,0.11906168609857559,350M
0.1237188819795847,TDEC,0.1232432872056961,0.1092127338051796,0.13951759040355682,0.12290191650390625,350M
0.12641237676143646,TDEC,0.13288426399230957,0.10948862880468369,0.13930284976959229,0.12397376447916031,350M
0.12230615876615047,TDEC,0.12156031280755997,0.11055336892604828,0.1385529786348343,0.11855797469615936,350M
0.1189070101827383,TDEC,0.11455340683460236,0.10573731362819672,0.13280445337295532,0.12253286689519882,350M
0.1235557571053505,TDEC,0.12587514519691467,0.11530113220214844,0.136958047747612,0.11608870327472687,350M
0.1199034359306097,TDEC,0.12157394737005234,0.10632075369358063,0.1312119960784912,0.12050704658031464,350M
0.12147027626633644,TDEC,0.12292645871639252,0.10477528721094131,0.1392214596271515,0.11895789951086044,350M
0.12771785259246826,TDEC,0.1292705088853836,0.111180379986763,0.14079821109771729,0.12962231040000916,350M
0.12207326292991638,TDEC,0.12808261811733246,0.10021191835403442,0.140855073928833,0.11914344131946564,350M
0.11736022308468819,TDEC,0.11886461824178696,0.1020604819059372,0.1285633146762848,0.1199524775147438,350M
0.11736022308468819,TDEC,0.11886461824178696,0.1020604819059372,0.1285633146762848,0.1199524775147438,350M
0.12256217934191227,TDEC,0.1254490613937378,0.10608818382024765,0.13586971163749695,0.12284176051616669,350M
0.12311125919222832,TDEC,0.1229935735464096,0.10840511322021484,0.14002631604671478,0.12102003395557404,350M
0.1268134843558073,TDEC,0.1257735788822174,0.11063585430383682,0.13962361216545105,0.13122089207172394,350M
0.12401042319834232,TDEC,0.12891049683094025,0.11001767218112946,0.13529597222805023,0.12181755155324936,350M
0.1226231288164854,TDEC,0.12822946906089783,0.10660424083471298,0.13792528212070465,0.11773352324962616,350M
0.1177679505199194,TDEC,0.11336328089237213,0.09968395531177521,0.14084556698799133,0.11717899888753891,350M
0.12006385438144207,TDEC,0.12456333637237549,0.09783116728067398,0.13936147093772888,0.11849944293498993,350M
0.12863297015428543,TDEC,0.13713675737380981,0.11043061316013336,0.1410645693540573,0.12589994072914124,350M
0.12713121064007282,TDEC,0.12893836200237274,0.11286578327417374,0.14050456881523132,0.1262161284685135,350M
0.11829466558992863,TDEC,0.1222413182258606,0.10316301882266998,0.12527233362197876,0.12250199168920517,350M
0.11736022308468819,TDEC,0.11886461824178696,0.1020604819059372,0.1285633146762848,0.1199524775147438,350M
0.12843377888202667,TDEC,0.1295255720615387,0.11236469447612762,0.14184428751468658,0.13000056147575378,350M
0.1263662613928318,TDEC,0.13690447807312012,0.10143087804317474,0.14109425246715546,0.1260354369878769,350M
0.1261686570942402,TDEC,0.12863750755786896,0.10604977607727051,0.13936075568199158,0.1306265890598297,350M
0.12242763862013817,TDEC,0.12060616910457611,0.1062590628862381,0.13603119552135468,0.1268141269683838,350M
0.12672322429716587,TDEC,0.12450100481510162,0.11516817659139633,0.13901588320732117,0.12820783257484436,350M
0.12402679398655891,TDEC,0.12672176957130432,0.1040658950805664,0.13924439251422882,0.1260751187801361,350M
0.12541930191218853,TDEC,0.12302806228399277,0.11111439764499664,0.14312151074409485,0.12441323697566986,350M
0.12146096862852573,TDEC,0.12828588485717773,0.1005561500787735,0.13734345138072968,0.11965838819742203,350M
0.11736022308468819,TDEC,0.11886461824178696,0.1020604819059372,0.1285633146762848,0.1199524775147438,350M
0.12904862314462662,TDEC,0.13166090846061707,0.11096715927124023,0.13942191004753113,0.13414451479911804,350M
0.12203668057918549,TDEC,0.1204448789358139,0.11421804130077362,0.13278695940971375,0.12069684267044067,350M
0.1251260694116354,TDEC,0.13031169772148132,0.1079048290848732,0.1442708969116211,0.11801685392856598,350M
0.12922977283596992,TDEC,0.12677571177482605,0.11265234649181366,0.14284679293632507,0.13464424014091492,350M
0.1179558876901865,TDEC,0.11903700977563858,0.10673792660236359,0.12964574992656708,0.11640286445617676,350M
0.12405780144035816,TDEC,0.1188734769821167,0.10905375331640244,0.1419268250465393,0.1263771504163742,350M
0.11898104473948479,TDEC,0.11938004195690155,0.10421691089868546,0.1316462755203247,0.12068095058202744,350M
0.1253516525030136,TDEC,0.12847831845283508,0.11172093451023102,0.13708710670471191,0.12412025034427643,350M
0.12870140746235847,TDEC,0.13463051617145538,0.10983969271183014,0.13820677995681763,0.13212864100933075,350M
0.1177165862172842,TDEC,0.11887599527835846,0.09767673909664154,0.1338934749364853,0.12042013555765152,350M
0.12879019230604172,TDEC,0.1325962096452713,0.11128957569599152,0.144710510969162,0.12656447291374207,350M
0.11971944198012352,TDEC,0.11878464370965958,0.09954887628555298,0.13965921103954315,0.12088503688573837,350M
0.12905353866517544,TDEC,0.13148920238018036,0.1134369745850563,0.13717690110206604,0.13411107659339905,350M
0.12446541152894497,TDEC,0.12710317969322205,0.10698387771844864,0.14320841431617737,0.12056617438793182,350M
0.12788066640496254,TDEC,0.1340155005455017,0.11366474628448486,0.13921597599983215,0.12462644279003143,350M
0.11774619854986668,TDEC,0.11177156865596771,0.10497353971004486,0.12995192408561707,0.12428776174783707,350M
0.12570131942629814,TDEC,0.12909825146198273,0.11716735363006592,0.13755913078784943,0.1189805418252945,350M
0.12430295906960964,TDEC,0.1331327259540558,0.10862437635660172,0.13632214069366455,0.11913259327411652,350M
0.12094363756477833,TDEC,0.12459631264209747,0.0972931981086731,0.1418568193912506,0.12002822011709213,350M
0.1267687790095806,TDEC,0.13335570693016052,0.10798279941082001,0.13981762528419495,0.12591898441314697,350M
0.13167822547256947,TDEC,0.14047983288764954,0.11624500900506973,0.13690409064292908,0.13308396935462952,350M
0.12287037633359432,TDEC,0.12159806489944458,0.10545764118432999,0.13319721817970276,0.13122858107089996,350M
0.11820428632199764,TDEC,0.11824498325586319,0.10188553482294083,0.13217845559120178,0.12050817161798477,350M
0.1238614097237587,TDEC,0.1254522055387497,0.10448019206523895,0.13782379031181335,0.1276894509792328,350M
0.11736108735203743,TDEC,0.11795155704021454,0.09663374722003937,0.1311810314655304,0.12367801368236542,350M
0.11782781407237053,TDEC,0.11985711008310318,0.09700389206409454,0.13637037575244904,0.11807987838983536,350M
0.11757430993020535,TDEC,0.11709358543157578,0.09669151157140732,0.1353192925453186,0.12119285017251968,350M
0.12241725623607635,TDEC,0.1272306740283966,0.0997704267501831,0.1354801207780838,0.1271878033876419,350M
0.12027206271886826,TDEC,0.12025493383407593,0.10306613147258759,0.13883459568023682,0.11893258988857269,350M
0.11946044489741325,TDEC,0.12138906866312027,0.1045387014746666,0.13784824311733246,0.11406576633453369,350M
0.1204704251140356,TDEC,0.12289667129516602,0.10516854375600815,0.1318465918302536,0.12196989357471466,350M
0.12312237173318863,TDEC,0.12141472101211548,0.10787653923034668,0.14006873965263367,0.12312948703765869,350M
0.12588192708790302,TDEC,0.13071009516716003,0.10600314289331436,0.13977953791618347,0.12703493237495422,350M
0.12962836027145386,TDEC,0.14106401801109314,0.10496121644973755,0.14159370958805084,0.1308944970369339,350M
0.12546022795140743,TDEC,0.12796421349048615,0.1073385700583458,0.13609153032302856,0.13044659793376923,350M
0.12187832035124302,TDEC,0.12042608112096786,0.11125537008047104,0.1354627162218094,0.12036911398172379,350M
0.12374401465058327,TDEC,0.1251928061246872,0.10143767297267914,0.14223916828632355,0.1261064112186432,350M
0.12389909848570824,TDEC,0.11824440956115723,0.1030508279800415,0.1426830142736435,0.13161814212799072,350M
0.12251049093902111,TDEC,0.12636913359165192,0.10489332675933838,0.1402083784341812,0.11857112497091293,350M
0.12276213988661766,TDEC,0.11840224266052246,0.10992158949375153,0.13546845316886902,0.12725627422332764,350M
0.12040426954627037,TDEC,0.1211388111114502,0.10409430414438248,0.13768866658210754,0.11869529634714127,350M
0.12298334017395973,TDEC,0.1245364174246788,0.10352297127246857,0.1411144882440567,0.12275948375463486,350M
0.12390239164233208,TDEC,0.12140927463769913,0.10740997642278671,0.1395915448665619,0.12719877064228058,350M
0.11736022308468819,TDEC,0.11886461824178696,0.1020604819059372,0.1285633146762848,0.1199524775147438,350M
0.12303273007273674,TDEC,0.12179098278284073,0.10736815631389618,0.1412191241979599,0.12175265699625015,350M
0.12494880706071854,TDEC,0.1285707950592041,0.10737372934818268,0.13957661390304565,0.12427408993244171,350M
0.12362993508577347,TDEC,0.12010382115840912,0.1147330030798912,0.13988225162029266,0.11980066448450089,350M
0.12836560793220997,TDEC,0.12721122801303864,0.11178042739629745,0.1393696367740631,0.13510113954544067,350M
0.1214270293712616,TDEC,0.11769749224185944,0.10462677478790283,0.1355491578578949,0.12783469259738922,350M
0.12074789218604565,TDEC,0.12403424829244614,0.10359098762273788,0.1338200867176056,0.12154624611139297,350M
0.11885124444961548,TDEC,0.12107209861278534,0.11048899590969086,0.1286425143480301,0.11520136892795563,350M
0.12272902950644493,TDEC,0.1220010295510292,0.10556010156869888,0.13696594536304474,0.1263890415430069,350M
0.11757297813892365,TDEC,0.11472833156585693,0.09551098197698593,0.13827146589756012,0.1217811331152916,350M
0.12773107551038265,TDEC,0.12965737283229828,0.1122339591383934,0.1437467783689499,0.12528619170188904,350M
0.12059551477432251,TDEC,0.11389696598052979,0.11040686070919037,0.13606353104114532,0.12201470136642456,350M
0.11895833536982536,CC,0.11409381777048111,0.10750044882297516,0.13032826781272888,0.1239108070731163,350M
0.11741681396961212,CC,0.11872728914022446,0.10238387435674667,0.1286124587059021,0.11994363367557526,350M
0.11741681396961212,CC,0.11872728914022446,0.10238387435674667,0.1286124587059021,0.11994363367557526,350M
0.1214371956884861,CC,0.12289935350418091,0.11145784705877304,0.13663281500339508,0.11475876718759537,350M
0.12593788094818592,CC,0.12390102446079254,0.11223188787698746,0.14408111572265625,0.12353749573230743,350M
0.12303435057401657,CC,0.11813303083181381,0.11063915491104126,0.14243796467781067,0.12092725187540054,350M
0.1188130620867014,CC,0.11716480553150177,0.10069350153207779,0.13403823971748352,0.12335570156574249,350M
0.11741681396961212,CC,0.11872728914022446,0.10238387435674667,0.1286124587059021,0.11994363367557526,350M
0.12501627579331398,CC,0.1269603669643402,0.10912615060806274,0.14306655526161194,0.12091203033924103,350M
0.11741681396961212,CC,0.11872728914022446,0.10238387435674667,0.1286124587059021,0.11994363367557526,350M
0.11835533194243908,CC,0.12143772840499878,0.09906516224145889,0.13822251558303833,0.11469592154026031,350M
0.11741681396961212,CC,0.11872728914022446,0.10238387435674667,0.1286124587059021,0.11994363367557526,350M
0.1221254225820303,CC,0.1336250752210617,0.11635671555995941,0.127329021692276,0.11119087785482407,350M
0.12347079813480377,CC,0.12345664203166962,0.10869602113962173,0.1405552625656128,0.12117526680231094,350M
0.12318475730717182,CC,0.12237703800201416,0.10499663650989532,0.14498694241046906,0.12037841230630875,350M
0.11751747131347656,CC,0.11516616493463516,0.10712768882513046,0.1297789365053177,0.11799709498882294,350M
0.11741681396961212,CC,0.11872728914022446,0.10238387435674667,0.1286124587059021,0.11994363367557526,350M
0.12477954849600792,CC,0.12922997772693634,0.10551837831735611,0.1398763358592987,0.12449350208044052,350M
0.12034909054636955,CC,0.11029072850942612,0.10313817113637924,0.13879510760307312,0.12917235493659973,350M
0.1269627083092928,CC,0.12543974816799164,0.11157884448766708,0.13738447427749634,0.1334477663040161,350M
0.11741681396961212,CC,0.11872728914022446,0.10238387435674667,0.1286124587059021,0.11994363367557526,350M
0.11741681396961212,CC,0.11872728914022446,0.10238387435674667,0.1286124587059021,0.11994363367557526,350M
0.12067637778818607,CC,0.12252195924520493,0.10631626844406128,0.13499373197555542,0.11887355148792267,350M
0.11741681396961212,CC,0.11872728914022446,0.10238387435674667,0.1286124587059021,0.11994363367557526,350M
0.11741681396961212,CC,0.11872728914022446,0.10238387435674667,0.1286124587059021,0.11994363367557526,350M
0.11741681396961212,CC,0.11872728914022446,0.10238387435674667,0.1286124587059021,0.11994363367557526,350M
0.1254901010543108,CC,0.1263175755739212,0.11519613116979599,0.1391870528459549,0.1212596446275711,350M
0.12412009947001934,CC,0.121759794652462,0.10872483253479004,0.14016324281692505,0.12583252787590027,350M
0.11741681396961212,CC,0.11872728914022446,0.10238387435674667,0.1286124587059021,0.11994363367557526,350M
0.12026792205870152,CC,0.12114081531763077,0.09866602718830109,0.14211110770702362,0.11915373802185059,350M
0.1200573593378067,CC,0.11471686512231827,0.1024872437119484,0.1347046047449112,0.12832072377204895,350M
0.12007583491504192,CC,0.12376044690608978,0.10757460445165634,0.13300344347953796,0.1159648448228836,350M
0.1233502347022295,CC,0.11586078256368637,0.1085263341665268,0.141945481300354,0.12706834077835083,350M
0.12642222456634045,CC,0.13226890563964844,0.11136100441217422,0.14258351922035217,0.11947546899318695,350M
0.11903207562863827,CC,0.11804089695215225,0.10075157880783081,0.13535594940185547,0.12197987735271454,350M
0.11741681396961212,CC,0.11872728914022446,0.10238387435674667,0.1286124587059021,0.11994363367557526,350M
0.12071440927684307,CC,0.11950866878032684,0.1093321293592453,0.13102364540100098,0.12299319356679916,350M
0.11741681396961212,CC,0.11872728914022446,0.10238387435674667,0.1286124587059021,0.11994363367557526,350M
0.12067342363297939,CC,0.11466293036937714,0.09711196273565292,0.14241011440753937,0.12850868701934814,350M
0.11741681396961212,CC,0.11872728914022446,0.10238387435674667,0.1286124587059021,0.11994363367557526,350M
0.11741681396961212,CC,0.11872728914022446,0.10238387435674667,0.1286124587059021,0.11994363367557526,350M
0.12599115818738937,CC,0.12515488266944885,0.11566366255283356,0.13942287862300873,0.12372320890426636,350M
0.12010918743908405,CC,0.12073349952697754,0.10579489171504974,0.13181976974010468,0.12208858877420425,350M
0.11741681396961212,CC,0.11872728914022446,0.10238387435674667,0.1286124587059021,0.11994363367557526,350M
0.12054221890866756,CC,0.11449015140533447,0.10247071832418442,0.13827461004257202,0.12693339586257935,350M
0.12173736281692982,CC,0.1312302052974701,0.10571732372045517,0.12975534796714783,0.12024657428264618,350M
0.1216936968266964,CC,0.1165572851896286,0.11176066100597382,0.13960924744606018,0.11884759366512299,350M
0.11741681396961212,CC,0.11872728914022446,0.10238387435674667,0.1286124587059021,0.11994363367557526,350M
0.11840008944272995,CC,0.12108059227466583,0.10230103880167007,0.13803739845752716,0.11218132823705673,350M
0.11741681396961212,CC,0.11872728914022446,0.10238387435674667,0.1286124587059021,0.11994363367557526,350M
0.1277651395648718,CC,0.13087639212608337,0.11896747350692749,0.1389254480600357,0.12229124456644058,350M
0.12000061571598053,CC,0.12367706000804901,0.10335807502269745,0.13501009345054626,0.1179572343826294,350M
0.12344552762806416,CC,0.1229320541024208,0.11015131324529648,0.1422496736049652,0.11844906955957413,350M
0.11998334713280201,CC,0.11672937870025635,0.10845853388309479,0.13101014494895935,0.12373533099889755,350M
0.12429660931229591,CC,0.12704895436763763,0.11590498685836792,0.12896469235420227,0.12526780366897583,350M
0.1240443792194128,CC,0.12744197249412537,0.10739941895008087,0.13960464298725128,0.1217314824461937,350M
0.11829604767262936,CC,0.11736921221017838,0.10393885523080826,0.1301436722278595,0.1217324510216713,350M
0.117659917101264,CC,0.11960345506668091,0.0978834480047226,0.1372789740562439,0.1158737912774086,350M
0.11741681396961212,CC,0.11872728914022446,0.10238387435674667,0.1286124587059021,0.11994363367557526,350M
0.11955682002007961,CC,0.11440764367580414,0.10128425061702728,0.14437951147556305,0.11815587431192398,350M
0.12103766575455666,CC,0.1234774962067604,0.09958935528993607,0.13826659321784973,0.12281721830368042,350M
0.12152897194027901,CC,0.12137265503406525,0.10813114792108536,0.13878457248210907,0.11782751232385635,350M
0.11741681396961212,CC,0.11872728914022446,0.10238387435674667,0.1286124587059021,0.11994363367557526,350M
0.1199430488049984,CC,0.12236928939819336,0.10049603134393692,0.13900922238826752,0.1178976520895958,350M
0.11741681396961212,CC,0.11872728914022446,0.10238387435674667,0.1286124587059021,0.11994363367557526,350M
0.1186433732509613,CC,0.11342664808034897,0.10052160173654556,0.1355591118335724,0.1250661313533783,350M
0.11741681396961212,CC,0.11872728914022446,0.10238387435674667,0.1286124587059021,0.11994363367557526,350M
0.11791166663169861,CC,0.11562307924032211,0.10080365836620331,0.13825340569019318,0.11696652323007584,350M
0.11757239513099194,CC,0.11835218966007233,0.09883804619312286,0.1387634128332138,0.11433593183755875,350M
0.11741681396961212,CC,0.11872728914022446,0.10238387435674667,0.1286124587059021,0.11994363367557526,350M
0.11741681396961212,CC,0.11872728914022446,0.10238387435674667,0.1286124587059021,0.11994363367557526,350M
0.11741681396961212,CC,0.11872728914022446,0.10238387435674667,0.1286124587059021,0.11994363367557526,350M
0.11837373115122318,CC,0.11678280681371689,0.10606354475021362,0.1281166970729828,0.12253187596797943,350M
0.11901284754276276,CC,0.11966155469417572,0.10231256484985352,0.13551932573318481,0.11855794489383698,350M
0.11919950693845749,CC,0.11801005899906158,0.1090565174818039,0.13269813358783722,0.11703331768512726,350M
0.12157595530152321,CC,0.11906646192073822,0.10085912048816681,0.14209485054016113,0.12428338825702667,350M
0.11892448551952839,CC,0.12212900817394257,0.09530583769083023,0.13709799945354462,0.12116509675979614,350M
0.12283855862915516,CC,0.12194953113794327,0.11072365939617157,0.13973049819469452,0.11895054578781128,350M
0.11741681396961212,CC,0.11872728914022446,0.10238387435674667,0.1286124587059021,0.11994363367557526,350M
0.11741681396961212,CC,0.11872728914022446,0.10238387435674667,0.1286124587059021,0.11994363367557526,350M
0.11741681396961212,CC,0.11872728914022446,0.10238387435674667,0.1286124587059021,0.11994363367557526,350M
0.12699611485004425,CC,0.12672600150108337,0.11481288820505142,0.1414634734392166,0.12498209625482559,350M
0.12188402377068996,CC,0.13018779456615448,0.10871291160583496,0.12991590797901154,0.11871948093175888,350M
0.11741681396961212,CC,0.11872728914022446,0.10238387435674667,0.1286124587059021,0.11994363367557526,350M
0.12412088178098202,CC,0.12585368752479553,0.10816073417663574,0.14248451590538025,0.11998458951711655,350M
0.1282657291740179,CC,0.133914977312088,0.11514431238174438,0.14383313059806824,0.12017049640417099,350M
0.12521743960678577,CC,0.12693752348423004,0.11140749603509903,0.13799944519996643,0.1245252937078476,350M
0.11741681396961212,CC,0.11872728914022446,0.10238387435674667,0.1286124587059021,0.11994363367557526,350M
0.12060335837304592,CC,0.12367399781942368,0.11389114707708359,0.1313014179468155,0.11354687064886093,350M
0.11741681396961212,CC,0.11872728914022446,0.10238387435674667,0.1286124587059021,0.11994363367557526,350M
0.1198149137198925,CC,0.10802791267633438,0.10502114146947861,0.141293466091156,0.12491713464260101,350M
0.11741681396961212,CC,0.11872728914022446,0.10238387435674667,0.1286124587059021,0.11994363367557526,350M
0.12293929792940617,CC,0.1219538077712059,0.11350531876087189,0.13502924144268036,0.12126882374286652,350M
0.12619031220674515,CC,0.12686248123645782,0.11080312728881836,0.13699756562709808,0.13009807467460632,350M
0.12211976945400238,CC,0.12227438390254974,0.11193788051605225,0.14016243815422058,0.11410437524318695,350M
0.12434987351298332,CC,0.1314171999692917,0.10667555034160614,0.1384752094745636,0.12083153426647186,350M
0.11741681396961212,CC,0.11872728914022446,0.10238387435674667,0.1286124587059021,0.11994363367557526,350M
0.12174095585942268,CC,0.12041030824184418,0.1022195965051651,0.13866791129112244,0.12566600739955902,350M
0.11741681396961212,CC,0.11872728914022446,0.10238387435674667,0.1286124587059021,0.11994363367557526,350M
0.11741681396961212,CC,0.11872728914022446,0.10238387435674667,0.1286124587059021,0.11994363367557526,350M
0.12403630837798119,Git.,0.12848064303398132,0.10258783400058746,0.13686209917068481,0.12821465730667114,350M
0.12828972004354,Git.,0.12447889894247055,0.11374104022979736,0.1391734629869461,0.13576547801494598,350M
0.12724066339433193,Git.,0.12577739357948303,0.11069562286138535,0.14040356874465942,0.13208606839179993,350M
0.12180906720459461,Git.,0.12394549697637558,0.10214053094387054,0.13921420276165009,0.12193603813648224,350M
0.12724271416664124,Git.,0.12992824614048004,0.10860276222229004,0.1433313935995102,0.12710845470428467,350M
0.12758782133460045,Git.,0.13579623401165009,0.11540913581848145,0.13400480151176453,0.12514111399650574,350M
0.1225558202713728,Git.,0.12381289154291153,0.10325263440608978,0.14201322197914124,0.12114453315734863,350M
0.12274204939603806,Git.,0.12762442231178284,0.10277730226516724,0.13485096395015717,0.12571550905704498,350M
0.12731083296239376,Git.,0.12570059299468994,0.11647244542837143,0.13584581017494202,0.13122448325157166,350M
0.1261349804699421,Git.,0.12860091030597687,0.10568569600582123,0.14430169761180878,0.1259516179561615,350M
0.1266787275671959,Git.,0.1319390833377838,0.10544450581073761,0.14191053807735443,0.12742078304290771,350M
0.12497606873512268,Git.,0.12550988793373108,0.1061720997095108,0.14313332736492157,0.12508895993232727,350M
0.13210860267281532,Git.,0.1332758516073227,0.11424112319946289,0.14527219533920288,0.13564524054527283,350M
0.12159397080540657,Git.,0.11604756116867065,0.1057966947555542,0.13859502971172333,0.1259365975856781,350M
0.12326107919216156,Git.,0.12992747128009796,0.10299338400363922,0.13423679769039154,0.12588666379451752,350M
0.13049470074474812,Git.,0.13889668881893158,0.1057867780327797,0.1380109339952469,0.1392844021320343,350M
0.12658189609646797,Git.,0.13606266677379608,0.10325716435909271,0.13733819127082825,0.12966956198215485,350M
0.12514557130634785,Git.,0.1290796995162964,0.10651274025440216,0.14115378260612488,0.12383606284856796,350M
0.12608060240745544,Git.,0.13210976123809814,0.10868706554174423,0.13933618366718292,0.12418939918279648,350M
0.12764921225607395,Git.,0.1343766748905182,0.11108652502298355,0.14011543989181519,0.12501820921897888,350M
0.12733064219355583,Git.,0.13259240984916687,0.10932408273220062,0.13771820068359375,0.12968787550926208,350M
0.12876717746257782,Git.,0.12891659140586853,0.1117820143699646,0.13446176052093506,0.1399083435535431,350M
0.12754454091191292,Git.,0.1274445354938507,0.10782705247402191,0.14215371012687683,0.13275286555290222,350M
0.1274118311703205,Git.,0.12816591560840607,0.11134923994541168,0.137351393699646,0.1327807754278183,350M
0.12431853450834751,Git.,0.129453644156456,0.1079644188284874,0.13563808798789978,0.12421798706054688,350M
0.1243886798620224,Git.,0.12920987606048584,0.10820607841014862,0.13657929003238678,0.12355947494506836,350M
0.12764350324869156,Git.,0.1315678060054779,0.10460162162780762,0.1453361064195633,0.12906847894191742,350M
0.12375758960843086,Git.,0.12567830085754395,0.10924912989139557,0.13757383823394775,0.12252908945083618,350M
0.1275658905506134,Git.,0.13071727752685547,0.11218811571598053,0.14081837236881256,0.12653979659080505,350M
0.12686996161937714,Git.,0.13183355331420898,0.11173659563064575,0.13935162127017975,0.12455807626247406,350M
0.12629912048578262,Git.,0.1341497004032135,0.10559995472431183,0.13887923955917358,0.12656758725643158,350M
0.12508557736873627,Git.,0.12442916631698608,0.10969828069210052,0.1417294144630432,0.12448544800281525,350M
0.12642865628004074,Git.,0.1299939900636673,0.10881917178630829,0.13733868300914764,0.12956278026103973,350M
0.12506064027547836,Git.,0.12417145073413849,0.10473047196865082,0.14408177137374878,0.12725886702537537,350M
0.12597598508000374,Git.,0.13738217949867249,0.10732197761535645,0.13163164258003235,0.12756814062595367,350M
0.12939492240548134,Git.,0.13039761781692505,0.1092686653137207,0.14551755785942078,0.13239584863185883,350M
0.1265136320143938,Git.,0.1299704760313034,0.10925600677728653,0.13799948990345,0.12882855534553528,350M
0.12378299795091152,Git.,0.12292323261499405,0.10606561601161957,0.13738134503364563,0.12876179814338684,350M
0.12546530552208424,Git.,0.1328689157962799,0.10252217203378677,0.13559411466121674,0.13087601959705353,350M
0.12989729642868042,Git.,0.13304300606250763,0.11280272901058197,0.14322718977928162,0.13051626086235046,350M
0.1241876445710659,Git.,0.12861989438533783,0.102678582072258,0.1429324448108673,0.12251965701580048,350M
0.12375756911933422,Git.,0.11869944632053375,0.10967592149972916,0.13670413196086884,0.12995077669620514,350M
0.12350610829889774,Git.,0.12685813009738922,0.10003580898046494,0.13853779435157776,0.12859269976615906,350M
0.12432015128433704,Git.,0.12276139110326767,0.10594160854816437,0.14425882697105408,0.12431877851486206,350M
0.12453851476311684,Git.,0.12539784610271454,0.10243183374404907,0.1387735903263092,0.13155078887939453,350M
0.12626784667372704,Git.,0.12822148203849792,0.10961823165416718,0.13994359970092773,0.1272880733013153,350M
0.12784679047763348,Git.,0.1366845667362213,0.10979745537042618,0.1362067610025406,0.12869837880134583,350M
0.12351527623832226,Git.,0.11929410696029663,0.10868219286203384,0.1414521336555481,0.12463267147541046,350M
0.12446140311658382,Git.,0.13076463341712952,0.10321863740682602,0.13952025771141052,0.12434208393096924,350M
0.12357774190604687,Git.,0.1256752908229828,0.10848500579595566,0.13977521657943726,0.12037545442581177,350M
0.13049518875777721,Git.,0.13122247159481049,0.11507924646139145,0.13893283903598785,0.13674619793891907,350M
0.12698441185057163,Git.,0.127114400267601,0.11508215963840485,0.1417226344347,0.12401845306158066,350M
0.12731932662427425,Git.,0.13269373774528503,0.10334482043981552,0.13737159967422485,0.1358671486377716,350M
0.12134974263608456,Git.,0.11833693087100983,0.11263813823461533,0.13383829593658447,0.1205856055021286,350M
0.12295125611126423,Git.,0.12320679426193237,0.10672231763601303,0.13545554876327515,0.12642036378383636,350M
0.12657151743769646,Git.,0.12455914914608002,0.1091124564409256,0.14103515446186066,0.13157930970191956,350M
0.12816654331982136,Git.,0.13449814915657043,0.11048159748315811,0.14062246680259705,0.12706395983695984,350M
0.12767957895994186,Git.,0.13134758174419403,0.10978120565414429,0.14382758736610413,0.125761941075325,350M
0.12644883804023266,Git.,0.12945322692394257,0.11186941713094711,0.13921816647052765,0.1252545416355133,350M
0.12887948006391525,Git.,0.1314813792705536,0.11158692836761475,0.1433710753917694,0.12907853722572327,350M
0.12647616490721703,Git.,0.1284080594778061,0.10278035700321198,0.14466561377048492,0.1300506293773651,350M
0.1253152135759592,Git.,0.12608614563941956,0.11258025467395782,0.13913485407829285,0.1234595999121666,350M
0.12286013923585415,Git.,0.12552304565906525,0.10332081466913223,0.13609017431735992,0.1265065222978592,350M
0.11832339130342007,Git.,0.11448116600513458,0.10104040056467056,0.13804784417152405,0.11972415447235107,350M
0.12468776479363441,Git.,0.13211539387702942,0.10884618759155273,0.13351482152938843,0.12427465617656708,350M
0.12322304025292397,Git.,0.1268399953842163,0.10323397815227509,0.13734596967697144,0.12547221779823303,350M
0.1283576600253582,Git.,0.13605378568172455,0.11010126769542694,0.1391478031873703,0.128127783536911,350M
0.12028584443032742,Git.,0.12534670531749725,0.10392942279577255,0.13158096373081207,0.12028628587722778,350M
0.12710927985608578,Git.,0.1321612149477005,0.11186180263757706,0.14067843556404114,0.12373566627502441,350M
0.1211104542016983,Git.,0.11965072154998779,0.10315088927745819,0.13814958930015564,0.12349061667919159,350M
0.12296473234891891,Git.,0.12030478566884995,0.11088690906763077,0.13050390779972076,0.13016332685947418,350M
0.12603166326880455,Git.,0.13201574981212616,0.10845024883747101,0.13772110641002655,0.12593954801559448,350M
0.12382630072534084,Git.,0.12460210174322128,0.10700595378875732,0.13764499127864838,0.1260521560907364,350M
0.1229986920952797,Git.,0.12956826388835907,0.1074070930480957,0.13183294236660004,0.12318646907806396,350M
0.12572367675602436,Git.,0.1298598349094391,0.10821416229009628,0.1371963769197464,0.12762433290481567,350M
0.12944090738892555,Git.,0.1365826576948166,0.10893948376178741,0.14224772155284882,0.1299937665462494,350M
0.12673195078969002,Git.,0.12921485304832458,0.10578383505344391,0.14095649123191833,0.13097262382507324,350M
0.12920047715306282,Git.,0.13324962556362152,0.10630126297473907,0.14109672605991364,0.13615429401397705,350M
0.12862184084951878,Git.,0.13315030932426453,0.1117028221487999,0.13937820494174957,0.1302560269832611,350M
0.12708716839551926,Git.,0.12768283486366272,0.11388500034809113,0.1365842968225479,0.13019654154777527,350M
0.12749615497887135,Git.,0.1338987946510315,0.10388223081827164,0.13980260491371155,0.1324009895324707,350M
0.1265435926616192,Git.,0.13507701456546783,0.1073966771364212,0.13252733647823334,0.13117334246635437,350M
0.12518018670380116,Git.,0.12649819254875183,0.10225024074316025,0.1401909738779068,0.13178133964538574,350M
0.13071531057357788,Git.,0.1342591494321823,0.11098988354206085,0.13742443919181824,0.14018777012825012,350M
0.12471264973282814,Git.,0.12552739679813385,0.10734324157238007,0.13916094601154327,0.12681901454925537,350M
0.12677353248000145,Git.,0.12847092747688293,0.11071909964084625,0.14271709322929382,0.1251870095729828,350M
0.12659573927521706,Git.,0.1355966031551361,0.10716487467288971,0.13241839408874512,0.1312030851840973,350M
0.12190466560423374,Git.,0.1253882646560669,0.10586117208003998,0.13637825846672058,0.11999096721410751,350M
0.12881839275360107,Git.,0.13424424827098846,0.11132411658763885,0.13894879817962646,0.1307564079761505,350M
0.12292943708598614,Git.,0.12026862055063248,0.10704779624938965,0.13880515098571777,0.12559618055820465,350M
0.12985680624842644,Git.,0.13951340317726135,0.10876338183879852,0.14272791147232056,0.12842252850532532,350M
0.12531203590333462,Git.,0.12921492755413055,0.10616961866617203,0.13640597462654114,0.12945762276649475,350M
0.12822652980685234,Git.,0.129801943898201,0.1120913028717041,0.1416676640510559,0.12934520840644836,350M
0.12749511748552322,Git.,0.12470648437738419,0.11044321209192276,0.1446252316236496,0.13020554184913635,350M
0.1275176666676998,Git.,0.1272570788860321,0.11489246785640717,0.1423039585351944,0.1256171613931656,350M
0.12634810246527195,Git.,0.13094022870063782,0.10868563503026962,0.14046044647693634,0.12530609965324402,350M
0.12346904911100864,Git.,0.12508276104927063,0.10908158868551254,0.13788112998008728,0.12183071672916412,350M
0.1200117189437151,Git.,0.1148381233215332,0.10203512012958527,0.13955309987068176,0.12362053245306015,350M
0.12597184628248215,Git.,0.13142403960227966,0.10781896114349365,0.13775184750556946,0.12689253687858582,350M
0.12831223011016846,Git.,0.13689734041690826,0.10839377343654633,0.13622844219207764,0.1317293643951416,350M
0.13827302679419518,TDEC,0.14658156037330627,0.12729427218437195,0.15317732095718384,0.12603895366191864,1.3B
0.13515406288206577,TDEC,0.14382421970367432,0.12494727224111557,0.1492212563753128,0.1226235032081604,1.3B
0.1436004377901554,TDEC,0.14893610775470734,0.13061575591564178,0.15537768602371216,0.13947220146656036,1.3B
0.13485471531748772,TDEC,0.14189183712005615,0.13088279962539673,0.14659230411052704,0.12005192041397095,1.3B
0.1321121659129858,TDEC,0.1382710188627243,0.1215314269065857,0.14900822937488556,0.11963798850774765,1.3B
0.13728010654449463,TDEC,0.14281880855560303,0.12982919812202454,0.15192613005638123,0.12454628944396973,1.3B
0.13748019561171532,TDEC,0.14709079265594482,0.1286354959011078,0.15121051669120789,0.12298397719860077,1.3B
0.1400786079466343,TDEC,0.1487434059381485,0.12888547778129578,0.15613007545471191,0.12655547261238098,1.3B
0.13011665269732475,TDEC,0.13498806953430176,0.12357952445745468,0.14435899257659912,0.11754002422094345,1.3B
0.13151289150118828,TDEC,0.13753096759319305,0.12546370923519135,0.14178021252155304,0.12127667665481567,1.3B
0.1353764869272709,TDEC,0.1361292451620102,0.12401916086673737,0.15771275758743286,0.12364478409290314,1.3B
0.1335115022957325,TDEC,0.1435500532388687,0.12509958446025848,0.14675942063331604,0.11863695085048676,1.3B
0.13464714586734772,TDEC,0.1465405374765396,0.12627927958965302,0.14703817665576935,0.1187305897474289,1.3B
0.13938871398568153,TDEC,0.1522301286458969,0.12483666837215424,0.15368863940238953,0.12679941952228546,1.3B
0.13647126778960228,TDEC,0.1445680409669876,0.12541523575782776,0.15102136135101318,0.12488043308258057,1.3B
0.1372387930750847,TDEC,0.1466430425643921,0.1282750517129898,0.14841096103191376,0.1256261169910431,1.3B
0.132401367649436,TDEC,0.14305737614631653,0.12318716198205948,0.1459130346775055,0.11744789779186249,1.3B
0.13694246858358383,TDEC,0.14659707248210907,0.1285361349582672,0.14618441462516785,0.1264522522687912,1.3B
0.1400280874222517,TDEC,0.14718613028526306,0.13099566102027893,0.15711571276187897,0.12481484562158585,1.3B
0.1390915960073471,TDEC,0.1477329283952713,0.125433087348938,0.15121008455753326,0.13199028372764587,1.3B
0.13601326569914818,TDEC,0.14524781703948975,0.12870489060878754,0.15049658715724945,0.11960376799106598,1.3B
0.1332462541759014,TDEC,0.14368920028209686,0.1199633926153183,0.14813798666000366,0.12119443714618683,1.3B
0.1324400193989277,TDEC,0.13962945342063904,0.12550832331180573,0.14235028624534607,0.12227201461791992,1.3B
0.13207870163023472,TDEC,0.1415897160768509,0.12578922510147095,0.14239764213562012,0.11853822320699692,1.3B
0.13154694251716137,TDEC,0.13845396041870117,0.12324298918247223,0.14372099936008453,0.12076982110738754,1.3B
0.13738474994897842,TDEC,0.14849913120269775,0.12560948729515076,0.146585151553154,0.1288452297449112,1.3B
0.13768990337848663,TDEC,0.14089804887771606,0.12210392951965332,0.15626737475395203,0.13149026036262512,1.3B
0.1315819676965475,TDEC,0.14446081221103668,0.12123753875494003,0.1422785222530365,0.11835099756717682,1.3B
0.13500591926276684,TDEC,0.14811848104000092,0.12651267647743225,0.14193391799926758,0.12345860153436661,1.3B
0.14464979991316795,TDEC,0.1524295061826706,0.1307182013988495,0.15894761681556702,0.13650387525558472,1.3B
0.13196195662021637,TDEC,0.14401349425315857,0.12428736686706543,0.13990433514118195,0.11964263021945953,1.3B
0.13685297034680843,TDEC,0.14799126982688904,0.12403831630945206,0.153443843126297,0.12193845212459564,1.3B
0.1372651793062687,TDEC,0.14559230208396912,0.13239526748657227,0.14876604080200195,0.12230710685253143,1.3B
0.13082122430205345,TDEC,0.14243240654468536,0.11735298484563828,0.14667800068855286,0.11682150512933731,1.3B
0.13969983160495758,TDEC,0.15039032697677612,0.1274336725473404,0.1530326008796692,0.12794272601604462,1.3B
0.13155829161405563,TDEC,0.1439305990934372,0.1214757114648819,0.14521268010139465,0.11561417579650879,1.3B
0.1373828500509262,TDEC,0.14080089330673218,0.1319032609462738,0.1514250636100769,0.12540218234062195,1.3B
0.1319869589060545,TDEC,0.13613705337047577,0.1312706172466278,0.14371860027313232,0.11682156473398209,1.3B
0.13151250965893269,TDEC,0.13615365326404572,0.12539176642894745,0.14611491560935974,0.11838970333337784,1.3B
0.1379225067794323,TDEC,0.15008802711963654,0.126617431640625,0.1480700969696045,0.12691447138786316,1.3B
0.1340632401406765,TDEC,0.14720435440540314,0.12572862207889557,0.14541901648044586,0.11790096759796143,1.3B
0.13480397313833237,TDEC,0.15013444423675537,0.12123185396194458,0.14673323929309845,0.12111635506153107,1.3B
0.13154400326311588,TDEC,0.13920706510543823,0.1276078075170517,0.14342471957206726,0.11593642085790634,1.3B
0.13488299772143364,TDEC,0.14712050557136536,0.1279870867729187,0.14612498879432678,0.11829940974712372,1.3B
0.13705727830529213,TDEC,0.14028704166412354,0.1269821673631668,0.15204641222953796,0.1289134919643402,1.3B
0.13174865953624249,TDEC,0.13968637585639954,0.12236058712005615,0.1465207189321518,0.11842695623636246,1.3B
0.13331810384988785,TDEC,0.14601948857307434,0.13131026923656464,0.14456018805503845,0.11138246953487396,1.3B
0.13490158319473267,TDEC,0.1360456943511963,0.13437440991401672,0.14854630827903748,0.12063992023468018,1.3B
0.14516454190015793,TDEC,0.14780429005622864,0.13059838116168976,0.16304893791675568,0.13920655846595764,1.3B
0.13797147944569588,TDEC,0.14657986164093018,0.12276904284954071,0.1552097499370575,0.12732726335525513,1.3B
0.130681112408638,TDEC,0.139397531747818,0.11856888234615326,0.1419878453016281,0.12277019023895264,1.3B
0.13846566528081894,TDEC,0.14011844992637634,0.13633610308170319,0.14711272716522217,0.13029538094997406,1.3B
0.1354389265179634,TDEC,0.14080719649791718,0.1272573471069336,0.14939206838607788,0.12429909408092499,1.3B
0.1312004253268242,TDEC,0.14228111505508423,0.12239839881658554,0.14329849183559418,0.1168236956000328,1.3B
0.1363859362900257,TDEC,0.14836479723453522,0.12965962290763855,0.14890429377555847,0.1186150312423706,1.3B
0.13849849812686443,TDEC,0.14778652787208557,0.11836991459131241,0.16012561321258545,0.1277119368314743,1.3B
0.13170784711837769,TDEC,0.14310698211193085,0.1216505914926529,0.14032535254955292,0.12174846231937408,1.3B
0.13495386950671673,TDEC,0.13712304830551147,0.12118562310934067,0.14965367317199707,0.1318531334400177,1.3B
0.13142652809619904,TDEC,0.14113932847976685,0.12193308770656586,0.14772763848304749,0.11490605771541595,1.3B
0.13505013659596443,TDEC,0.1480436772108078,0.12203221023082733,0.1494453400373459,0.12067931890487671,1.3B
0.14032766968011856,TDEC,0.1480536013841629,0.12663386762142181,0.15483984351158142,0.1317833662033081,1.3B
0.13324077241122723,TDEC,0.13897959887981415,0.12232426553964615,0.15018858015537262,0.12147064507007599,1.3B
0.13581361435353756,TDEC,0.1452951580286026,0.1305934488773346,0.14419162273406982,0.12317422777414322,1.3B
0.13142451457679272,TDEC,0.14066652953624725,0.12605002522468567,0.1405671387910843,0.11841436475515366,1.3B
0.1331731416285038,TDEC,0.14056435227394104,0.13203004002571106,0.14479637145996094,0.11530180275440216,1.3B
0.13531706109642982,TDEC,0.14156539738178253,0.13080841302871704,0.14951516687870026,0.11937926709651947,1.3B
0.13447917252779007,TDEC,0.1480453610420227,0.12279252707958221,0.1465984284877777,0.12048037350177765,1.3B
0.1358225755393505,TDEC,0.14394307136535645,0.1275683343410492,0.14639553427696228,0.12538336217403412,1.3B
0.1392805017530918,TDEC,0.1425710767507553,0.12772305309772491,0.15851432085037231,0.1283135563135147,1.3B
0.1390951108187437,TDEC,0.1567469984292984,0.12132146209478378,0.15251323580741882,0.12579874694347382,1.3B
0.14017477445304394,TDEC,0.13902144134044647,0.12492892891168594,0.1588515341281891,0.13789719343185425,1.3B
0.1334705837070942,TDEC,0.14580002427101135,0.1214546412229538,0.1477581262588501,0.11886954307556152,1.3B
0.13352715596556664,TDEC,0.1402832418680191,0.12748627364635468,0.14373807609081268,0.12260103225708008,1.3B
0.13815878331661224,TDEC,0.14553788304328918,0.1290174126625061,0.15034902095794678,0.1277308166027069,1.3B
0.1343257874250412,TDEC,0.14426609873771667,0.12778201699256897,0.14100933074951172,0.12424570322036743,1.3B
0.13207555375993252,TDEC,0.1419992744922638,0.1219114288687706,0.14254291355609894,0.12184859812259674,1.3B
0.13752659037709236,TDEC,0.14662419259548187,0.12869183719158173,0.14880484342575073,0.12598548829555511,1.3B
0.1337766107171774,TDEC,0.14973025023937225,0.12207701057195663,0.14705868065357208,0.1162405014038086,1.3B
0.13889731466770172,TDEC,0.14976921677589417,0.1280406415462494,0.1513293981552124,0.12645000219345093,1.3B
0.13975927233695984,TDEC,0.14761103689670563,0.13099022209644318,0.15175989270210266,0.1286759376525879,1.3B
0.13424698263406754,TDEC,0.13976100087165833,0.12732955813407898,0.14479491114616394,0.1251024603843689,1.3B
0.13807830959558487,TDEC,0.14776873588562012,0.12465102970600128,0.15093758702278137,0.1289558857679367,1.3B
0.136938551440835,TDEC,0.14959196746349335,0.1320432722568512,0.14600056409835815,0.1201184019446373,1.3B
0.13508781418204308,TDEC,0.14590677618980408,0.12545399367809296,0.14665743708610535,0.12233304977416992,1.3B
0.13928305357694626,TDEC,0.1463787853717804,0.1226276159286499,0.15303033590316772,0.135095477104187,1.3B
0.13665338046848774,TDEC,0.15496119856834412,0.11935225874185562,0.14564546942710876,0.12665459513664246,1.3B
0.13359885290265083,TDEC,0.14312885701656342,0.126691997051239,0.14388413727283478,0.12069042026996613,1.3B
0.1378515511751175,TDEC,0.14777818322181702,0.13016930222511292,0.14872916042804718,0.12472955882549286,1.3B
0.1370979230850935,TDEC,0.15131720900535583,0.11880514770746231,0.14869925379753113,0.12957008183002472,1.3B
0.13851256854832172,TDEC,0.15454590320587158,0.126356840133667,0.1502290666103363,0.12291846424341202,1.3B
0.13451812975108624,TDEC,0.14416544139385223,0.12396623939275742,0.15284660458564758,0.11709423363208771,1.3B
0.13222969509661198,TDEC,0.14087256789207458,0.1243656650185585,0.1481151133775711,0.11556543409824371,1.3B
0.14624295756220818,TDEC,0.14687129855155945,0.13611483573913574,0.16125282645225525,0.14073286950588226,1.3B
0.13175971060991287,TDEC,0.13244201242923737,0.12998758256435394,0.14655978977680206,0.11804945766925812,1.3B
0.14075933396816254,TDEC,0.14151963591575623,0.13705770671367645,0.1560165286064148,0.12844346463680267,1.3B
0.13834723457694054,TDEC,0.1514255702495575,0.13163988292217255,0.14639489352703094,0.12392859160900116,1.3B
0.13678064569830894,TDEC,0.14595681428909302,0.12821686267852783,0.1457556039094925,0.12719330191612244,1.3B
0.13319451548159122,TDEC,0.14425671100616455,0.12389712035655975,0.14731600880622864,0.11730822175741196,1.3B
0.1326709631830454,TDEC,0.135562002658844,0.12839648127555847,0.1472884863615036,0.11943688243627548,1.3B
0.1397680751979351,TDEC,0.14983338117599487,0.12432973086833954,0.15575996041297913,0.12914922833442688,1.3B
0.13593652471899986,CC,0.14420734345912933,0.1303318440914154,0.1455179750919342,0.12368893623352051,1.3B
0.14094164595007896,CC,0.14896714687347412,0.13080808520317078,0.15276718139648438,0.13122417032718658,1.3B
0.13410879112780094,CC,0.137960284948349,0.12628154456615448,0.15248584747314453,0.11970748752355576,1.3B
0.13629211485385895,CC,0.14263810217380524,0.13001830875873566,0.1526937037706375,0.11981834471225739,1.3B
0.1355822030454874,CC,0.14385224878787994,0.12042112648487091,0.1533580869436264,0.12469734996557236,1.3B
0.13117123395204544,CC,0.14556653797626495,0.11528261750936508,0.14430846273899078,0.11952731758356094,1.3B
0.14154378324747086,CC,0.1469317376613617,0.1364065259695053,0.15494267642498016,0.12789419293403625,1.3B
0.131214777007699,CC,0.1361793726682663,0.1255447417497635,0.145208477973938,0.11792651563882828,1.3B
0.13636599481105804,CC,0.14315345883369446,0.125008687376976,0.1534048318862915,0.1238970011472702,1.3B
0.12985779903829098,CC,0.14199914038181305,0.1247672587633133,0.13564804196357727,0.1170167550444603,1.3B
0.13460122048854828,CC,0.1366645097732544,0.11973480880260468,0.1530129462480545,0.12899261713027954,1.3B
0.14118589088320732,CC,0.14990045130252838,0.1304745227098465,0.15988650918006897,0.12448208034038544,1.3B
0.14140307530760765,CC,0.14951373636722565,0.13580264151096344,0.15719297528266907,0.12310294806957245,1.3B
0.12985779903829098,CC,0.14199914038181305,0.1247672587633133,0.13564804196357727,0.1170167550444603,1.3B
0.14008477330207825,CC,0.1470210999250412,0.12778349220752716,0.15781645476818085,0.12771804630756378,1.3B
0.1326939184218645,CC,0.13696473836898804,0.12890112400054932,0.1447666585445404,0.12014315277338028,1.3B
0.13684428669512272,CC,0.1484244167804718,0.12769916653633118,0.15035486221313477,0.12089870125055313,1.3B
0.13530424796044827,CC,0.14038506150245667,0.12689249217510223,0.15044686198234558,0.12349257618188858,1.3B
0.14056070521473885,CC,0.14176134765148163,0.13007909059524536,0.15769830346107483,0.13270407915115356,1.3B
0.13960588723421097,CC,0.14153066277503967,0.12874412536621094,0.1560731679201126,0.13207559287548065,1.3B
0.13698392920196056,CC,0.1404416859149933,0.12336871773004532,0.1576683074235916,0.12645700573921204,1.3B
0.13766273856163025,CC,0.15200671553611755,0.12426722049713135,0.15092810988426208,0.12344890832901001,1.3B
0.1381707601249218,CC,0.14166352152824402,0.12161396443843842,0.1558435559272766,0.13356199860572815,1.3B
0.13683022186160088,CC,0.13721215724945068,0.13199496269226074,0.15448777377605438,0.1236259937286377,1.3B
0.14086845889687538,CC,0.14353252947330475,0.1298069953918457,0.15709444880485535,0.13303986191749573,1.3B
0.13772962614893913,CC,0.1413642019033432,0.13030710816383362,0.15706923604011536,0.12217795848846436,1.3B
0.13779757171869278,CC,0.14902371168136597,0.12540967762470245,0.15534475445747375,0.12141214311122894,1.3B
0.12985779903829098,CC,0.14199914038181305,0.1247672587633133,0.13564804196357727,0.1170167550444603,1.3B
0.14476794749498367,CC,0.15650013089179993,0.13433316349983215,0.1556008756160736,0.132637619972229,1.3B
0.1363246962428093,CC,0.14388877153396606,0.1187017560005188,0.15501758456230164,0.12769067287445068,1.3B
0.13906623609364033,CC,0.14697541296482086,0.13272836804389954,0.15172016620635986,0.12484099715948105,1.3B
0.13573667407035828,CC,0.14078423380851746,0.12582319974899292,0.15047642588615417,0.12586283683776855,1.3B
0.14226830750703812,CC,0.1573990434408188,0.12250971794128418,0.15304984152317047,0.13611462712287903,1.3B
0.13547103852033615,CC,0.13682469725608826,0.12222373485565186,0.15646210312843323,0.12637361884117126,1.3B
0.12985779903829098,CC,0.14199914038181305,0.1247672587633133,0.13564804196357727,0.1170167550444603,1.3B
0.13824114948511124,CC,0.15051007270812988,0.1253262758255005,0.14949268102645874,0.12763556838035583,1.3B
0.1375245563685894,CC,0.1465662568807602,0.13032616674900055,0.14698262512683868,0.12622317671775818,1.3B
0.13818808272480965,CC,0.14749208092689514,0.12599234282970428,0.15253829956054688,0.12672960758209229,1.3B
0.13943294063210487,CC,0.1509333848953247,0.12954658269882202,0.15275314450263977,0.124498650431633,1.3B
0.1401309184730053,CC,0.14387062191963196,0.1261274516582489,0.1567995548248291,0.13372604548931122,1.3B
0.13476558402180672,CC,0.14165233075618744,0.12043917179107666,0.15211960673332214,0.12485122680664062,1.3B
0.13587294146418571,CC,0.14187979698181152,0.12288431823253632,0.15088951587677002,0.127838134765625,1.3B
0.13306607492268085,CC,0.13680946826934814,0.11598409712314606,0.15580381453037262,0.1236669197678566,1.3B
0.13357233256101608,CC,0.14854128658771515,0.11928262561559677,0.14435644447803497,0.12210897356271744,1.3B
0.13406788371503353,CC,0.14489123225212097,0.12800702452659607,0.14341358840465546,0.11995968967676163,1.3B
0.139393525198102,CC,0.1549578607082367,0.12334690243005753,0.15264077484607697,0.1266285628080368,1.3B
0.13694618456065655,CC,0.14624206721782684,0.13323158025741577,0.1448405236005783,0.12347056716680527,1.3B
0.13762863725423813,CC,0.1488303244113922,0.1315344274044037,0.14898017048835754,0.12116962671279907,1.3B
0.1361725553870201,CC,0.14632239937782288,0.12453548610210419,0.1541842520236969,0.11964808404445648,1.3B
0.1352673191577196,CC,0.1489151269197464,0.12231818586587906,0.1506967842578888,0.1191391795873642,1.3B
0.13917503133416176,CC,0.13869400322437286,0.13081681728363037,0.1609574854373932,0.1262318193912506,1.3B
0.1375999115407467,CC,0.14229008555412292,0.12649093568325043,0.1514723002910614,0.130146324634552,1.3B
0.13665806874632835,CC,0.1471375972032547,0.12439602613449097,0.15404638648033142,0.12105226516723633,1.3B
0.12993854470551014,CC,0.13367722928524017,0.11630403995513916,0.1487695425748825,0.12100336700677872,1.3B
0.13863873854279518,CC,0.14443206787109375,0.13056378066539764,0.15938922762870789,0.12016987800598145,1.3B
0.1377704218029976,CC,0.14840325713157654,0.12725648283958435,0.15626303851604462,0.11915890872478485,1.3B
0.1338240895420313,CC,0.14261400699615479,0.12589333951473236,0.14618584513664246,0.12060316652059555,1.3B
0.135965708643198,CC,0.13990885019302368,0.12708845734596252,0.15014906227588654,0.1267164647579193,1.3B
0.12985779903829098,CC,0.14199914038181305,0.1247672587633133,0.13564804196357727,0.1170167550444603,1.3B
0.13668150641024113,CC,0.14947602152824402,0.12481047958135605,0.15323494374752045,0.119204580783844,1.3B
0.13991687633097172,CC,0.15526659786701202,0.12712737917900085,0.15869000554084778,0.11858352273702621,1.3B
0.13488266617059708,CC,0.14160512387752533,0.12682616710662842,0.14974653720855713,0.12135283648967743,1.3B
0.131746219471097,CC,0.14059770107269287,0.12166763842105865,0.14229407906532288,0.12242545932531357,1.3B
0.13184648379683495,CC,0.14581836760044098,0.12003690004348755,0.14606012403964996,0.11547054350376129,1.3B
0.12985779903829098,CC,0.14199914038181305,0.1247672587633133,0.13564804196357727,0.1170167550444603,1.3B
0.13494412414729595,CC,0.1425500214099884,0.1266704499721527,0.15160563588142395,0.11895038932561874,1.3B
0.1365449707955122,CC,0.14525677263736725,0.12645217776298523,0.15215721726417542,0.1223137155175209,1.3B
0.13386389426887035,CC,0.1437358558177948,0.12267017364501953,0.1487462967634201,0.12030325084924698,1.3B
0.13228071853518486,CC,0.14436063170433044,0.11876063048839569,0.14537431299686432,0.12062729895114899,1.3B
0.13342604413628578,CC,0.13854822516441345,0.1263015866279602,0.14494532346725464,0.12390904128551483,1.3B
0.13729030080139637,CC,0.1386542022228241,0.12424281984567642,0.15665718913078308,0.12960699200630188,1.3B
0.1426883451640606,CC,0.15281519293785095,0.13094091415405273,0.16128340363502502,0.12571386992931366,1.3B
0.13514042273163795,CC,0.143125981092453,0.12445542961359024,0.15287336707115173,0.12010691314935684,1.3B
0.13159076496958733,CC,0.13601285219192505,0.1123197078704834,0.14881132543087006,0.1292191743850708,1.3B
0.13051357120275497,CC,0.1360432505607605,0.1198570728302002,0.14687344431877136,0.11928051710128784,1.3B
0.13513197377324104,CC,0.1393115520477295,0.1268787980079651,0.14754237234592438,0.12679517269134521,1.3B
0.14051194116473198,CC,0.14258262515068054,0.12763111293315887,0.14774341881275177,0.14409060776233673,1.3B
0.13121544942259789,CC,0.1404450684785843,0.12377337366342545,0.14571771025657654,0.11492564529180527,1.3B
0.1395358219742775,CC,0.14524675905704498,0.130679190158844,0.15231016278266907,0.12990717589855194,1.3B
0.13032809458673,CC,0.13835647702217102,0.11532435566186905,0.14901408553123474,0.1186174601316452,1.3B
0.13711827620863914,CC,0.14003562927246094,0.12253905832767487,0.15902946889400482,0.12686894834041595,1.3B
0.14017553627490997,CC,0.15446791052818298,0.12518839538097382,0.15105395019054413,0.12999188899993896,1.3B
0.13764053955674171,CC,0.14518365263938904,0.13243529200553894,0.1505541354417801,0.12238907814025879,1.3B
0.1316069010645151,CC,0.13551601767539978,0.11667780578136444,0.1540387123823166,0.12019506841897964,1.3B
0.1331522911787033,CC,0.15108421444892883,0.11512868106365204,0.1467563360929489,0.11963993310928345,1.3B
0.13319890201091766,CC,0.15367065370082855,0.11136462539434433,0.14729121327400208,0.1204691156744957,1.3B
0.13801224902272224,CC,0.1394471973180771,0.13345639407634735,0.15185068547725677,0.12729471921920776,1.3B
0.13972321525216103,CC,0.1427582949399948,0.1287708878517151,0.15960857272148132,0.12775510549545288,1.3B
0.13790208101272583,CC,0.14512138068675995,0.12880948185920715,0.1507340520620346,0.1269434094429016,1.3B
0.13153831288218498,CC,0.1312541663646698,0.1180868148803711,0.15446269512176514,0.1223495751619339,1.3B
0.13569165766239166,CC,0.1445617973804474,0.11805899441242218,0.14498694241046906,0.13515889644622803,1.3B
0.13350787945091724,CC,0.13558492064476013,0.12616686522960663,0.15185078978538513,0.12042894214391708,1.3B
0.14281755685806274,CC,0.14314815402030945,0.13062703609466553,0.1641254425048828,0.1333695948123932,1.3B
0.13518449291586876,CC,0.1423449069261551,0.12466027587652206,0.15304093062877655,0.12069185823202133,1.3B
0.14271590113639832,CC,0.14111390709877014,0.1296997219324112,0.1649659425020218,0.13508403301239014,1.3B
0.13503266125917435,CC,0.1482936143875122,0.12248502671718597,0.14762768149375916,0.12172432243824005,1.3B
0.14090494066476822,Git.,0.14503593742847443,0.13239672780036926,0.1558164656162262,0.130370631814003,1.3B
0.1298055574297905,Git.,0.14044316112995148,0.1234799474477768,0.1385175883769989,0.11678153276443481,1.3B
0.13849814794957638,Git.,0.1451883465051651,0.1242205873131752,0.1592313051223755,0.12535235285758972,1.3B
0.13696962408721447,Git.,0.1539854258298874,0.11892616748809814,0.15461401641368866,0.12035288661718369,1.3B
0.13855456747114658,Git.,0.15624476969242096,0.126566082239151,0.14764544367790222,0.12376197427511215,1.3B
0.13712264224886894,Git.,0.14629672467708588,0.12822973728179932,0.15051861107349396,0.12344549596309662,1.3B
0.13812712207436562,Git.,0.14820104837417603,0.12773625552654266,0.15138566493988037,0.1251855194568634,1.3B
0.14071243442595005,Git.,0.15405094623565674,0.12497945874929428,0.15487216413021088,0.1289471685886383,1.3B
0.1298055574297905,Git.,0.14044316112995148,0.1234799474477768,0.1385175883769989,0.11678153276443481,1.3B
0.13729726523160934,Git.,0.14313562214374542,0.1336939036846161,0.15126429498195648,0.12109524011611938,1.3B
0.1298055574297905,Git.,0.14044316112995148,0.1234799474477768,0.1385175883769989,0.11678153276443481,1.3B
0.14176081120967865,Git.,0.147635817527771,0.13060413300991058,0.1564377397298813,0.13236555457115173,1.3B
0.13945197127759457,Git.,0.15225788950920105,0.1212058886885643,0.15470154583454132,0.1296425610780716,1.3B
0.13634751737117767,Git.,0.14074784517288208,0.12725383043289185,0.15116754174232483,0.12622085213661194,1.3B
0.1356042642146349,Git.,0.14649835228919983,0.11782041937112808,0.14902062714099884,0.12907765805721283,1.3B
0.14034903421998024,Git.,0.14595450460910797,0.1304452270269394,0.14830972254276276,0.13668668270111084,1.3B
0.13890755362808704,Git.,0.15140199661254883,0.1279516965150833,0.15379424393177032,0.12248227745294571,1.3B
0.14043515361845493,Git.,0.14854796230793,0.12451974302530289,0.15153467655181885,0.137138232588768,1.3B
0.1298055574297905,Git.,0.14044316112995148,0.1234799474477768,0.1385175883769989,0.11678153276443481,1.3B
0.1298055574297905,Git.,0.14044316112995148,0.1234799474477768,0.1385175883769989,0.11678153276443481,1.3B
0.13891232013702393,Git.,0.15205790102481842,0.12670007348060608,0.15148918330669403,0.12540212273597717,1.3B
0.14166012778878212,Git.,0.14327257871627808,0.12677611410617828,0.1564059555530548,0.1401858627796173,1.3B
0.1298055574297905,Git.,0.14044316112995148,0.1234799474477768,0.1385175883769989,0.11678153276443481,1.3B
0.1403200961649418,Git.,0.15054214000701904,0.13171860575675964,0.1524491012096405,0.12657053768634796,1.3B
0.1298055574297905,Git.,0.14044316112995148,0.1234799474477768,0.1385175883769989,0.11678153276443481,1.3B
0.1366114318370819,Git.,0.15009786188602448,0.12430564314126968,0.14940838515758514,0.12263383716344833,1.3B
0.13047550432384014,Git.,0.14092324674129486,0.1171392947435379,0.14257563650608063,0.12126383930444717,1.3B
0.1298055574297905,Git.,0.14044316112995148,0.1234799474477768,0.1385175883769989,0.11678153276443481,1.3B
0.13773345574736595,Git.,0.14617803692817688,0.12446719408035278,0.16112694144248962,0.11916165053844452,1.3B
0.1298055574297905,Git.,0.14044316112995148,0.1234799474477768,0.1385175883769989,0.11678153276443481,1.3B
0.13832365907728672,Git.,0.14950016140937805,0.12483463436365128,0.1511717438697815,0.12778809666633606,1.3B
0.14144794642925262,Git.,0.15151092410087585,0.13116857409477234,0.15788204967975616,0.12523023784160614,1.3B
0.14112331718206406,Git.,0.15189886093139648,0.12878313660621643,0.14990100264549255,0.13391026854515076,1.3B
0.13952795788645744,Git.,0.14805178344249725,0.13207131624221802,0.15116731822490692,0.12682141363620758,1.3B
0.1298055574297905,Git.,0.14044316112995148,0.1234799474477768,0.1385175883769989,0.11678153276443481,1.3B
0.14238539710640907,Git.,0.14660592377185822,0.1288280189037323,0.1577708125114441,0.13633683323860168,1.3B
0.13956958055496216,Git.,0.14403866231441498,0.12719526886940002,0.15524935722351074,0.1317950338125229,1.3B
0.14070158451795578,Git.,0.15407301485538483,0.12518155574798584,0.1536416858434677,0.12991008162498474,1.3B
0.1386602520942688,Git.,0.14923664927482605,0.12960731983184814,0.14887665212154388,0.12692038714885712,1.3B
0.14303680509328842,Git.,0.14972500503063202,0.12522950768470764,0.15899275243282318,0.13819995522499084,1.3B
0.1298055574297905,Git.,0.14044316112995148,0.1234799474477768,0.1385175883769989,0.11678153276443481,1.3B
0.13619014620780945,Git.,0.14102672040462494,0.12696589529514313,0.14951303601264954,0.1272549331188202,1.3B
0.1314064785838127,Git.,0.14198815822601318,0.12645116448402405,0.13986200094223022,0.1173245906829834,1.3B
0.14003132656216621,Git.,0.13401934504508972,0.12103837728500366,0.16242718696594238,0.1426403969526291,1.3B
0.13630904629826546,Git.,0.14422008395195007,0.12983529269695282,0.15042930841445923,0.12075150012969971,1.3B
0.13795913010835648,Git.,0.14518387615680695,0.12627314031124115,0.15029825270175934,0.13008125126361847,1.3B
0.1425899676978588,Git.,0.14923454821109772,0.1271856129169464,0.15889406204223633,0.13504564762115479,1.3B
0.1399615742266178,Git.,0.14981545507907867,0.1284332126379013,0.1533687561750412,0.12822887301445007,1.3B
0.1298055574297905,Git.,0.14044316112995148,0.1234799474477768,0.1385175883769989,0.11678153276443481,1.3B
0.1449260525405407,Git.,0.15311017632484436,0.12970346212387085,0.1599416732788086,0.13694889843463898,1.3B
0.1380932778120041,Git.,0.15226875245571136,0.1236259788274765,0.150985449552536,0.12549293041229248,1.3B
0.1428186297416687,Git.,0.1487177610397339,0.13359829783439636,0.15581898391246796,0.1331394761800766,1.3B
0.1298055574297905,Git.,0.14044316112995148,0.1234799474477768,0.1385175883769989,0.11678153276443481,1.3B
0.14109591767191887,Git.,0.1416597068309784,0.1289331018924713,0.14908970892429352,0.14470115303993225,1.3B
0.13550300523638725,Git.,0.14787507057189941,0.1221817284822464,0.14508213102817535,0.12687309086322784,1.3B
0.13979918137192726,Git.,0.1536795198917389,0.12280319631099701,0.1481700837612152,0.13454392552375793,1.3B
0.13175667822360992,Git.,0.14008106291294098,0.12823668122291565,0.1419070065021515,0.11680196225643158,1.3B
0.1298055574297905,Git.,0.14044316112995148,0.1234799474477768,0.1385175883769989,0.11678153276443481,1.3B
0.13973404839634895,Git.,0.1515166014432907,0.1262688934803009,0.14995458722114563,0.13119611144065857,1.3B
0.1298055574297905,Git.,0.14044316112995148,0.1234799474477768,0.1385175883769989,0.11678153276443481,1.3B
0.14151794090867043,Git.,0.14466659724712372,0.13176536560058594,0.16032345592975616,0.12931634485721588,1.3B
0.1298055574297905,Git.,0.14044316112995148,0.1234799474477768,0.1385175883769989,0.11678153276443481,1.3B
0.1298055574297905,Git.,0.14044316112995148,0.1234799474477768,0.1385175883769989,0.11678153276443481,1.3B
0.14176790975034237,Git.,0.14571234583854675,0.12203004211187363,0.15944495797157288,0.13988429307937622,1.3B
0.1298055574297905,Git.,0.14044316112995148,0.1234799474477768,0.1385175883769989,0.11678153276443481,1.3B
0.1394142098724842,Git.,0.152838334441185,0.1247444748878479,0.15599681437015533,0.1240772157907486,1.3B
0.13591623306274414,Git.,0.1469772607088089,0.11993281543254852,0.1531653255224228,0.12358953058719635,1.3B
0.13822748884558678,Git.,0.1449141502380371,0.12079839408397675,0.15478697419166565,0.1324104368686676,1.3B
0.13640750758349895,Git.,0.14570863544940948,0.1267717182636261,0.15115921199321747,0.12199046462774277,1.3B
0.13967034593224525,Git.,0.15435239672660828,0.12498591840267181,0.14817014336585999,0.13117292523384094,1.3B
0.14022059366106987,Git.,0.1564592868089676,0.12959188222885132,0.15040114521980286,0.12443006038665771,1.3B
0.13991989940404892,Git.,0.1508767306804657,0.1288873851299286,0.1529940962791443,0.1269213855266571,1.3B
0.13956816494464874,Git.,0.14793652296066284,0.1245863288640976,0.14914101362228394,0.1366087943315506,1.3B
0.13224463164806366,Git.,0.14496058225631714,0.1260211169719696,0.13881942629814148,0.11917740106582642,1.3B
0.14432840421795845,Git.,0.15480896830558777,0.1288623958826065,0.1591101735830307,0.13453207910060883,1.3B
0.13600078783929348,Git.,0.14834710955619812,0.12365137040615082,0.14869281649589539,0.1233118548989296,1.3B
0.1298055574297905,Git.,0.14044316112995148,0.1234799474477768,0.1385175883769989,0.11678153276443481,1.3B
0.13046117313206196,Git.,0.1431080400943756,0.11713503301143646,0.14161720871925354,0.11998441070318222,1.3B
0.12994642928242683,Git.,0.141947939991951,0.12312398850917816,0.13731583952903748,0.11739794909954071,1.3B
0.1298055574297905,Git.,0.14044316112995148,0.1234799474477768,0.1385175883769989,0.11678153276443481,1.3B
0.1390599012374878,Git.,0.15058806538581848,0.1265324056148529,0.15135511755943298,0.1277640163898468,1.3B
0.14049884676933289,Git.,0.14483551681041718,0.1303955614566803,0.15528765320777893,0.13147665560245514,1.3B
0.13051306828856468,Git.,0.14217934012413025,0.11633235216140747,0.14439204335212708,0.11914853751659393,1.3B
0.1419399529695511,Git.,0.1464705765247345,0.12955205142498016,0.1566592901945114,0.13507789373397827,1.3B
0.1381252147257328,Git.,0.14899025857448578,0.12866443395614624,0.15141244232654572,0.12343372404575348,1.3B
0.1298055574297905,Git.,0.14044316112995148,0.1234799474477768,0.1385175883769989,0.11678153276443481,1.3B
0.13856204599142075,Git.,0.148700550198555,0.12997500598430634,0.14902353286743164,0.12654909491539001,1.3B
0.13124059699475765,Git.,0.13992735743522644,0.12109793722629547,0.14519762992858887,0.11873946338891983,1.3B
0.14035504311323166,Git.,0.14750021696090698,0.12720291316509247,0.15359628200531006,0.13312076032161713,1.3B
0.14282218366861343,Git.,0.14750604331493378,0.1261899173259735,0.16100522875785828,0.13658754527568817,1.3B
0.14314786717295647,Git.,0.14564217627048492,0.12590351700782776,0.16436734795570374,0.13667842745780945,1.3B
0.14143555611371994,Git.,0.146958589553833,0.1306660771369934,0.15698377788066864,0.1311337798833847,1.3B
0.13887716084718704,Git.,0.14691834151744843,0.13247129321098328,0.1480296552181244,0.12808935344219208,1.3B
0.13759304583072662,Git.,0.1471027433872223,0.1228146106004715,0.1534269154071808,0.12702791392803192,1.3B
0.13831907883286476,Git.,0.14191748201847076,0.13273826241493225,0.15046165883541107,0.12815891206264496,1.3B
0.1381790153682232,Git.,0.1454133242368698,0.12189096212387085,0.14945635199546814,0.13595542311668396,1.3B
0.1298055574297905,Git.,0.14044316112995148,0.1234799474477768,0.1385175883769989,0.11678153276443481,1.3B
0.1399615742266178,Git.,0.14981545507907867,0.1284332126379013,0.1533687561750412,0.12822887301445007,1.3B
0.13906898349523544,Git.,0.1416318416595459,0.1307145357131958,0.15578174591064453,0.12814781069755554,1.3B
0.14213365875184536,Git.,0.14442166686058044,0.12409327179193497,0.1568300575017929,0.14318963885307312,1.3B
0.13746009767055511,TDEC,0.13173964619636536,0.12656953930854797,0.15800189971923828,0.13352930545806885,2.7B
0.1353267151862383,TDEC,0.1315160095691681,0.12418333441019058,0.15647843480110168,0.1291290819644928,2.7B
0.1353267151862383,TDEC,0.1315160095691681,0.12418333441019058,0.15647843480110168,0.1291290819644928,2.7B
0.14013832435011864,TDEC,0.146878182888031,0.13185976445674896,0.1466670036315918,0.13514834642410278,2.7B
0.1369229592382908,TDEC,0.13466870784759521,0.13171575963497162,0.14680826663970947,0.13449910283088684,2.7B
0.13668202608823776,TDEC,0.13595548272132874,0.12977810204029083,0.15041105449199677,0.13058346509933472,2.7B
0.14190442860126495,TDEC,0.13887657225131989,0.133368581533432,0.15829910337924957,0.13707345724105835,2.7B
0.14312195777893066,TDEC,0.14319267868995667,0.13298246264457703,0.1573590338230133,0.13895365595817566,2.7B
0.14461826533079147,TDEC,0.13881364464759827,0.13576312363147736,0.1570996642112732,0.14679662883281708,2.7B
0.14124637097120285,TDEC,0.14772018790245056,0.11708591878414154,0.15837125480175018,0.14180812239646912,2.7B
0.14029378071427345,TDEC,0.14543220400810242,0.11848032474517822,0.16325849294662476,0.13400410115718842,2.7B
0.1353267151862383,TDEC,0.1315160095691681,0.12418333441019058,0.15647843480110168,0.1291290819644928,2.7B
0.14501231163740158,TDEC,0.14028874039649963,0.12958523631095886,0.16003760695457458,0.15013766288757324,2.7B
0.14379416033625603,TDEC,0.14388293027877808,0.13195505738258362,0.15904726088047028,0.14029139280319214,2.7B
0.13655234314501286,TDEC,0.13909967243671417,0.12458201497793198,0.14972075819969177,0.1328069269657135,2.7B
0.14203356578946114,TDEC,0.1374564915895462,0.1360459327697754,0.1556367129087448,0.13899512588977814,2.7B
0.14282935112714767,TDEC,0.14693792164325714,0.12955625355243683,0.15673142671585083,0.1380918025970459,2.7B
0.1457943171262741,TDEC,0.14142605662345886,0.12890614569187164,0.17207148671150208,0.14077357947826385,2.7B
0.1366293877363205,TDEC,0.1360483318567276,0.12407423555850983,0.151358962059021,0.13503602147102356,2.7B
0.13933343067765236,TDEC,0.14072707295417786,0.13078543543815613,0.15265719592571259,0.13316401839256287,2.7B
0.14104418829083443,TDEC,0.1405089795589447,0.13096781075000763,0.1519606113433838,0.1407393515110016,2.7B
0.14147254824638367,TDEC,0.13620060682296753,0.13573531806468964,0.15970493853092194,0.13424932956695557,2.7B
0.14255518093705177,TDEC,0.13451388478279114,0.13284163177013397,0.15597780048847198,0.14688740670681,2.7B
0.14029598236083984,TDEC,0.13864241540431976,0.13165509700775146,0.15314802527427673,0.1377383917570114,2.7B
0.1413063295185566,TDEC,0.13886676728725433,0.13108590245246887,0.1536630243062973,0.14160962402820587,2.7B
0.14031217619776726,TDEC,0.14897410571575165,0.1220361590385437,0.1627921462059021,0.12744629383087158,2.7B
0.1353267151862383,TDEC,0.1315160095691681,0.12418333441019058,0.15647843480110168,0.1291290819644928,2.7B
0.14475001394748688,TDEC,0.1473533809185028,0.13995900750160217,0.16040447354316711,0.13128319382667542,2.7B
0.1353267151862383,TDEC,0.1315160095691681,0.12418333441019058,0.15647843480110168,0.1291290819644928,2.7B
0.13703685626387596,TDEC,0.1332431584596634,0.1295015513896942,0.1559874713420868,0.12941524386405945,2.7B
0.1353267151862383,TDEC,0.1315160095691681,0.12418333441019058,0.15647843480110168,0.1291290819644928,2.7B
0.13966777175664902,TDEC,0.14252300560474396,0.12685731053352356,0.15625420212745667,0.1330365687608719,2.7B
0.13850976899266243,TDEC,0.13646432757377625,0.1246798038482666,0.1577356904745102,0.13515925407409668,2.7B
0.1353267151862383,TDEC,0.1315160095691681,0.12418333441019058,0.15647843480110168,0.1291290819644928,2.7B
0.13955236598849297,TDEC,0.13621380925178528,0.1257903128862381,0.15259823203086853,0.14360710978507996,2.7B
0.14093812555074692,TDEC,0.13711045682430267,0.1276242733001709,0.1540154367685318,0.1450023353099823,2.7B
0.1408091001212597,TDEC,0.13740527629852295,0.1300732046365738,0.15865425765514374,0.13710366189479828,2.7B
0.1353267151862383,TDEC,0.1315160095691681,0.12418333441019058,0.15647843480110168,0.1291290819644928,2.7B
0.1353267151862383,TDEC,0.1315160095691681,0.12418333441019058,0.15647843480110168,0.1291290819644928,2.7B
0.13915835693478584,TDEC,0.13810767233371735,0.12946349382400513,0.1542324721813202,0.1348297894001007,2.7B
0.14361193031072617,TDEC,0.1446225643157959,0.12624242901802063,0.1609724909067154,0.14261023700237274,2.7B
0.14061868749558926,TDEC,0.13752178847789764,0.1241331472992897,0.16280895471572876,0.13801085948944092,2.7B
0.13540907762944698,TDEC,0.13409866392612457,0.12128869444131851,0.15303759276866913,0.13321135938167572,2.7B
0.14217361062765121,TDEC,0.14581869542598724,0.1315598338842392,0.1524975746870041,0.13881833851337433,2.7B
0.14410478249192238,TDEC,0.14649681746959686,0.1321931779384613,0.1605100780725479,0.13721905648708344,2.7B
0.13758544623851776,TDEC,0.1402653455734253,0.12737247347831726,0.15016505122184753,0.13253891468048096,2.7B
0.13776245340704918,TDEC,0.13865144550800323,0.12587575614452362,0.15516763925552368,0.13135497272014618,2.7B
0.1353267151862383,TDEC,0.1315160095691681,0.12418333441019058,0.15647843480110168,0.1291290819644928,2.7B
0.14479472488164902,TDEC,0.14135193824768066,0.13634561002254486,0.1573268324136734,0.14415451884269714,2.7B
0.13709834963083267,TDEC,0.13496889173984528,0.12752419710159302,0.15378108620643616,0.13211922347545624,2.7B
0.1453208141028881,TDEC,0.13981087505817413,0.1311974823474884,0.16145004332065582,0.14882485568523407,2.7B
0.1401204653084278,TDEC,0.14213939011096954,0.12324440479278564,0.15488848090171814,0.14020958542823792,2.7B
0.1353267151862383,TDEC,0.1315160095691681,0.12418333441019058,0.15647843480110168,0.1291290819644928,2.7B
0.1353267151862383,TDEC,0.1315160095691681,0.12418333441019058,0.15647843480110168,0.1291290819644928,2.7B
0.135661194100976,TDEC,0.14213073253631592,0.12135223299264908,0.15134668350219727,0.1278151273727417,2.7B
0.13769179582595825,TDEC,0.1376020759344101,0.12373793125152588,0.15663084387779236,0.13279633224010468,2.7B
0.13669563457369804,TDEC,0.1363680064678192,0.12477846443653107,0.15283480286598206,0.13280126452445984,2.7B
0.14598581939935684,TDEC,0.1426433026790619,0.13136053085327148,0.15975038707256317,0.15018905699253082,2.7B
0.14331890270113945,TDEC,0.14251890778541565,0.13317736983299255,0.1599525809288025,0.1376267522573471,2.7B
0.1353267151862383,TDEC,0.1315160095691681,0.12418333441019058,0.15647843480110168,0.1291290819644928,2.7B
0.14719261974096298,TDEC,0.15126031637191772,0.1392594426870346,0.15723557770252228,0.14101514220237732,2.7B
0.13612168096005917,TDEC,0.1345713883638382,0.12263808399438858,0.15445201098918915,0.13282524049282074,2.7B
0.1353267151862383,TDEC,0.1315160095691681,0.12418333441019058,0.15647843480110168,0.1291290819644928,2.7B
0.1353267151862383,TDEC,0.1315160095691681,0.12418333441019058,0.15647843480110168,0.1291290819644928,2.7B
0.13751128688454628,TDEC,0.13526411354541779,0.12437056005001068,0.15480099618434906,0.1356094777584076,2.7B
0.13639668747782707,TDEC,0.13786581158638,0.11582036316394806,0.1521160900592804,0.13978448510169983,2.7B
0.14048201590776443,TDEC,0.1407068967819214,0.12774042785167694,0.15450996160507202,0.1389707773923874,2.7B
0.13663372583687305,TDEC,0.13627299666404724,0.1231047734618187,0.15463829040527344,0.13251884281635284,2.7B
0.14345408603549004,TDEC,0.1449776142835617,0.13132311403751373,0.1628897339105606,0.1346258819103241,2.7B
0.14269698038697243,TDEC,0.13986995816230774,0.13348914682865143,0.1575569212436676,0.13987189531326294,2.7B
0.13927323557436466,TDEC,0.13930653035640717,0.11513248831033707,0.15906277298927307,0.14359115064144135,2.7B
0.13926094956696033,TDEC,0.1377030313014984,0.12277784198522568,0.15879660844802856,0.13776631653308868,2.7B
0.14579996839165688,TDEC,0.1411539763212204,0.13387499749660492,0.1598079353570938,0.14836296439170837,2.7B
0.13748206570744514,TDEC,0.13819387555122375,0.12251387536525726,0.1552463322877884,0.13397417962551117,2.7B
0.14021790586411953,TDEC,0.13745522499084473,0.12242332845926285,0.1604912430047989,0.14050182700157166,2.7B
0.13570164889097214,TDEC,0.1371457427740097,0.12837989628314972,0.14808323979377747,0.12919771671295166,2.7B
0.1353267151862383,TDEC,0.1315160095691681,0.12418333441019058,0.15647843480110168,0.1291290819644928,2.7B
0.1353267151862383,TDEC,0.1315160095691681,0.12418333441019058,0.15647843480110168,0.1291290819644928,2.7B
0.13743460178375244,TDEC,0.13519446551799774,0.12358443439006805,0.15915799140930176,0.1318015158176422,2.7B
0.13638336956501007,TDEC,0.13406679034233093,0.1194644421339035,0.1550358086824417,0.13696643710136414,2.7B
0.14203213527798653,TDEC,0.13495628535747528,0.12918677926063538,0.16043448448181152,0.14355099201202393,2.7B
0.1353267151862383,TDEC,0.1315160095691681,0.12418333441019058,0.15647843480110168,0.1291290819644928,2.7B
0.1353267151862383,TDEC,0.1315160095691681,0.12418333441019058,0.15647843480110168,0.1291290819644928,2.7B
0.1421106941998005,TDEC,0.14837408065795898,0.13194841146469116,0.15471810102462769,0.13340218365192413,2.7B
0.1353267151862383,TDEC,0.1315160095691681,0.12418333441019058,0.15647843480110168,0.1291290819644928,2.7B
0.1353267151862383,TDEC,0.1315160095691681,0.12418333441019058,0.15647843480110168,0.1291290819644928,2.7B
0.14174067974090576,TDEC,0.13511459529399872,0.12961426377296448,0.16277167201042175,0.1394621878862381,2.7B
0.13638362288475037,TDEC,0.13210345804691315,0.12271629273891449,0.15735511481761932,0.1333596259355545,2.7B
0.14112047478556633,TDEC,0.13724736869335175,0.12306325137615204,0.15757107734680176,0.14660020172595978,2.7B
0.1353267151862383,TDEC,0.1315160095691681,0.12418333441019058,0.15647843480110168,0.1291290819644928,2.7B
0.13845802657306194,TDEC,0.14209753274917603,0.12389800697565079,0.14725062251091003,0.14058594405651093,2.7B
0.14063522219657898,TDEC,0.13903209567070007,0.12858015298843384,0.1587449312210083,0.1361837089061737,2.7B
0.13993298634886742,TDEC,0.14087370038032532,0.1302291452884674,0.15620923042297363,0.1324198693037033,2.7B
0.1353267151862383,TDEC,0.1315160095691681,0.12418333441019058,0.15647843480110168,0.1291290819644928,2.7B
0.14090386033058167,TDEC,0.1354377120733261,0.1307373195886612,0.15881703794002533,0.13862337172031403,2.7B
0.1378312185406685,TDEC,0.13690268993377686,0.12141551077365875,0.1582820564508438,0.13472461700439453,2.7B
0.1373368240892887,TDEC,0.1339990794658661,0.12850883603096008,0.1556021273136139,0.13123725354671478,2.7B
0.14047302678227425,TDEC,0.1328853815793991,0.12923163175582886,0.15860290825366974,0.14117218554019928,2.7B
0.13883694261312485,TDEC,0.13492520153522491,0.1296272724866867,0.1541147530078888,0.13668054342269897,2.7B
0.13767159916460514,TDEC,0.14142832159996033,0.1233350858092308,0.15926484763622284,0.1266581416130066,2.7B
0.136378213763237,CC,0.13482138514518738,0.12603425979614258,0.1533135324716568,0.13134367763996124,2.7B
0.14280517399311066,CC,0.1427609920501709,0.13742642104625702,0.15359695255756378,0.13743633031845093,2.7B
0.15420937165617943,CC,0.15160652995109558,0.13853046298027039,0.16997739672660828,0.15672309696674347,2.7B
0.14469091966748238,CC,0.1492866575717926,0.1345331072807312,0.15517428517341614,0.13976962864398956,2.7B
0.14230509847402573,CC,0.1436532586812973,0.1276930868625641,0.15694206953048706,0.14093197882175446,2.7B
0.14416252449154854,CC,0.13798457384109497,0.1392236053943634,0.15920689702033997,0.1402350217103958,2.7B
0.14910148829221725,CC,0.14587363600730896,0.13586965203285217,0.16238883137702942,0.15227383375167847,2.7B
0.1409580036997795,CC,0.1407736837863922,0.13321372866630554,0.15702514350414276,0.13281945884227753,2.7B
0.14177381247282028,CC,0.14129436016082764,0.1318439543247223,0.1556597650051117,0.1382971704006195,2.7B
0.13853778317570686,CC,0.1419888436794281,0.12700870633125305,0.14994914829730988,0.13520443439483643,2.7B
0.14302802085876465,CC,0.14098107814788818,0.13995687663555145,0.15475398302078247,0.1364201456308365,2.7B
0.13988433964550495,CC,0.1502201408147812,0.12474248558282852,0.1536014825105667,0.13097324967384338,2.7B
0.13993216678500175,CC,0.13957099616527557,0.12280583381652832,0.15505704283714294,0.14229479432106018,2.7B
0.1420431137084961,CC,0.1342955380678177,0.13742855191230774,0.16208872199058533,0.13435964286327362,2.7B
0.14297538623213768,CC,0.13918574154376984,0.13602958619594574,0.1561870574951172,0.14049915969371796,2.7B
0.14493147283792496,CC,0.14127814769744873,0.1393875777721405,0.15926125645637512,0.13979890942573547,2.7B
0.1388204898685217,CC,0.13722115755081177,0.12440500408411026,0.15200944244861603,0.1416463553905487,2.7B
0.14157429710030556,CC,0.14396974444389343,0.13240857422351837,0.15370729565620422,0.1362115740776062,2.7B
0.1401740312576294,CC,0.15017294883728027,0.12426634132862091,0.15247206389904022,0.13378477096557617,2.7B
0.13833578675985336,CC,0.13701924681663513,0.11991752684116364,0.15732206404209137,0.13908430933952332,2.7B
0.13839596882462502,CC,0.1391296088695526,0.12676700949668884,0.15034165978431702,0.1373455971479416,2.7B
0.1353267151862383,CC,0.1315160095691681,0.12418333441019058,0.15647843480110168,0.1291290819644928,2.7B
0.15046552941203117,CC,0.15054652094841003,0.13595908880233765,0.16590391099452972,0.1494525969028473,2.7B
0.1448446586728096,CC,0.14181312918663025,0.131219744682312,0.16205854713916779,0.14428721368312836,2.7B
0.14051088690757751,CC,0.1380600482225418,0.12870660424232483,0.1541801244020462,0.14109677076339722,2.7B
0.14219365268945694,CC,0.13612839579582214,0.13168904185295105,0.1599707305431366,0.14098644256591797,2.7B
0.14316991716623306,CC,0.1416189819574356,0.13673336803913116,0.16072526574134827,0.1336020529270172,2.7B
0.1372251994907856,CC,0.13881997764110565,0.12841138243675232,0.15554752945899963,0.1261219084262848,2.7B
0.13974005728960037,CC,0.14390715956687927,0.1267903447151184,0.15783986449241638,0.13042286038398743,2.7B
0.14258914440870285,CC,0.14079219102859497,0.1353512555360794,0.15839844942092896,0.13581468164920807,2.7B
0.14304948598146439,CC,0.13834086060523987,0.13660331070423126,0.15727181732654572,0.1399819552898407,2.7B
0.1353267151862383,CC,0.1315160095691681,0.12418333441019058,0.15647843480110168,0.1291290819644928,2.7B
0.14457503706216812,CC,0.146273672580719,0.14246435463428497,0.15569011867046356,0.13387200236320496,2.7B
0.1353267151862383,CC,0.1315160095691681,0.12418333441019058,0.15647843480110168,0.1291290819644928,2.7B
0.13699787482619286,CC,0.13467243313789368,0.12789753079414368,0.15020540356636047,0.1352161318063736,2.7B
0.14476606994867325,CC,0.14336271584033966,0.13922104239463806,0.1666904091835022,0.12979011237621307,2.7B
0.14364731684327126,CC,0.1407560408115387,0.13911260664463043,0.15909354388713837,0.13562707602977753,2.7B
0.13589870929718018,CC,0.14053791761398315,0.1241389662027359,0.15060210227966309,0.12831585109233856,2.7B
0.14521731808781624,CC,0.14290666580200195,0.14286713302135468,0.16043579578399658,0.13465967774391174,2.7B
0.1380525305867195,CC,0.1369057297706604,0.1288508027791977,0.1544717401266098,0.13198184967041016,2.7B
0.13875390216708183,CC,0.14139239490032196,0.12607160210609436,0.15633009374141693,0.13122151792049408,2.7B
0.13748633489012718,CC,0.13337478041648865,0.12764272093772888,0.15230944752693176,0.13661839067935944,2.7B
0.145679272711277,CC,0.14351969957351685,0.1383088231086731,0.16103462874889374,0.13985393941402435,2.7B
0.14261680841445923,CC,0.13592079281806946,0.13124428689479828,0.1580563485622406,0.14524580538272858,2.7B
0.1453896388411522,CC,0.14712651073932648,0.1382182538509369,0.15957537293434143,0.13663841784000397,2.7B
0.14499972388148308,CC,0.13635072112083435,0.1373678296804428,0.1649942398071289,0.14128610491752625,2.7B
0.14613096415996552,CC,0.14781439304351807,0.1362568736076355,0.16136232018470764,0.13909026980400085,2.7B
0.14627593383193016,CC,0.14321398735046387,0.14167550206184387,0.16359902918338776,0.13661521673202515,2.7B
0.14113932102918625,CC,0.13935397565364838,0.1312544196844101,0.15574988722801208,0.13819900155067444,2.7B
0.13707878813147545,CC,0.14864283800125122,0.12618312239646912,0.14816217124462128,0.12532702088356018,2.7B
0.1353267151862383,CC,0.1315160095691681,0.12418333441019058,0.15647843480110168,0.1291290819644928,2.7B
0.1409403532743454,CC,0.14702200889587402,0.12914881110191345,0.1463330239057541,0.14125756919384003,2.7B
0.1436171904206276,CC,0.14043401181697845,0.13667377829551697,0.15682026743888855,0.1405407041311264,2.7B
0.14384231343865395,CC,0.1377885639667511,0.13361351191997528,0.16283580660820007,0.14113137125968933,2.7B
0.1442708894610405,CC,0.14197035133838654,0.14000722765922546,0.1545226275920868,0.1405833512544632,2.7B
0.14697743952274323,CC,0.1456500142812729,0.12757626175880432,0.16727791726589203,0.14740556478500366,2.7B
0.1425504870712757,CC,0.14659354090690613,0.1311684548854828,0.15572457015514374,0.1367153823375702,2.7B
0.13996199518442154,CC,0.14514599740505219,0.12425573170185089,0.15364986658096313,0.13679638504981995,2.7B
0.14670846238732338,CC,0.14661258459091187,0.1329931914806366,0.1641215831041336,0.14310649037361145,2.7B
0.1367322839796543,CC,0.13500669598579407,0.12676075100898743,0.15256477892398834,0.1325969099998474,2.7B
0.14031755924224854,CC,0.12301819026470184,0.1270301789045334,0.16203081607818604,0.14919105172157288,2.7B
0.13743329048156738,CC,0.1387605518102646,0.12597215175628662,0.1504725217819214,0.13452793657779694,2.7B
0.13982904329895973,CC,0.14374224841594696,0.1203380823135376,0.1584119200706482,0.13682392239570618,2.7B
0.1353267151862383,CC,0.1315160095691681,0.12418333441019058,0.15647843480110168,0.1291290819644928,2.7B
0.14189309254288673,CC,0.13994736969470978,0.12832218408584595,0.15826427936553955,0.14103853702545166,2.7B
0.13751909509301186,CC,0.13925842940807343,0.13130377233028412,0.15476104617118835,0.12475313246250153,2.7B
0.14483129605650902,CC,0.13523532450199127,0.13795353472232819,0.16123123466968536,0.14490509033203125,2.7B
0.13730070367455482,CC,0.1377226561307907,0.11992859840393066,0.15367016196250916,0.13788139820098877,2.7B
0.13790951296687126,CC,0.1337326467037201,0.13165804743766785,0.1509135216474533,0.1353338360786438,2.7B
0.14438587054610252,CC,0.14181505143642426,0.14122459292411804,0.16376222670078278,0.13074161112308502,2.7B
0.14131594821810722,CC,0.14114506542682648,0.13238051533699036,0.1579894721508026,0.13374873995780945,2.7B
0.1398869976401329,CC,0.14054806530475616,0.12534493207931519,0.15805692970752716,0.1355980634689331,2.7B
0.14313612505793571,CC,0.1447368562221527,0.13016954064369202,0.1609112024307251,0.13672690093517303,2.7B
0.14322348311543465,CC,0.14111056923866272,0.13667269051074982,0.1609797179698944,0.13413095474243164,2.7B
0.14357773959636688,CC,0.13625645637512207,0.13785579800605774,0.16147679090499878,0.13872191309928894,2.7B
0.13887954875826836,CC,0.1374875009059906,0.12660738825798035,0.15547338128089905,0.13594992458820343,2.7B
0.13855460658669472,CC,0.13639795780181885,0.13304618000984192,0.15638227760791779,0.12839201092720032,2.7B
0.14718222618103027,CC,0.14413723349571228,0.14054179191589355,0.1593748778104782,0.14467500150203705,2.7B
0.13937339186668396,CC,0.13958510756492615,0.1339995414018631,0.1508965790271759,0.1330123394727707,2.7B
0.14425103738904,CC,0.14507433772087097,0.13907799124717712,0.15520717203617096,0.13764464855194092,2.7B
0.1410452090203762,CC,0.13824373483657837,0.13241122663021088,0.16204392910003662,0.13148194551467896,2.7B
0.13927413150668144,CC,0.1372586339712143,0.13482877612113953,0.14901098608970642,0.13599812984466553,2.7B
0.13749773427844048,CC,0.1436273604631424,0.12860174477100372,0.1524484008550644,0.1253134310245514,2.7B
0.1353267151862383,CC,0.1315160095691681,0.12418333441019058,0.15647843480110168,0.1291290819644928,2.7B
0.14101377874612808,CC,0.13547439873218536,0.1358589380979538,0.1592349112033844,0.13348686695098877,2.7B
0.14641955494880676,CC,0.14080825448036194,0.13496580719947815,0.16445282101631165,0.14545133709907532,2.7B
0.13583557307720184,CC,0.13243821263313293,0.13096562027931213,0.15208718180656433,0.12785127758979797,2.7B
0.13588853739202023,CC,0.13587990403175354,0.12436477094888687,0.15177024900913239,0.1315392255783081,2.7B
0.14213009178638458,CC,0.13575053215026855,0.14103269577026367,0.15523339807987213,0.13650374114513397,2.7B
0.1448092758655548,CC,0.14197736978530884,0.1345219910144806,0.16002440452575684,0.14271333813667297,2.7B
0.1386646255850792,CC,0.14009980857372284,0.12763217091560364,0.1569790244102478,0.1299474984407425,2.7B
0.14839931391179562,CC,0.1510087102651596,0.12292822450399399,0.16677066683769226,0.1528896540403366,2.7B
0.141897551715374,CC,0.14543470740318298,0.13443060219287872,0.1543085128068924,0.13341638445854187,2.7B
0.1386283915489912,CC,0.1384182870388031,0.12404908984899521,0.15482072532176971,0.1372254639863968,2.7B
0.1431623287498951,CC,0.14132174849510193,0.13233895599842072,0.16206660866737366,0.13692200183868408,2.7B
0.14237024635076523,CC,0.1462932676076889,0.12749090790748596,0.1580449789762497,0.13765183091163635,2.7B
0.13630758598446846,CC,0.13172726333141327,0.1257621794939041,0.15412475168704987,0.1336161494255066,2.7B
0.14118394255638123,CC,0.14342918992042542,0.13395529985427856,0.15249112248420715,0.13486015796661377,2.7B
0.1486341431736946,CC,0.14285901188850403,0.1409083902835846,0.1612192690372467,0.14954990148544312,2.7B
0.14791888371109962,CC,0.14989182353019714,0.13167424499988556,0.1635751724243164,0.1465342938899994,2.7B
0.1447991132736206,Git.,0.140640988945961,0.13359089195728302,0.16072052717208862,0.14424404501914978,2.7B
0.1435312144458294,Git.,0.13976328074932098,0.1311791092157364,0.16388988494873047,0.13929258286952972,2.7B
0.14631112292408943,Git.,0.13720475137233734,0.13869328796863556,0.15927807986736298,0.15006837248802185,2.7B
0.1466372050344944,Git.,0.13902083039283752,0.13943232595920563,0.16100168228149414,0.1470939815044403,2.7B
0.14291821420192719,Git.,0.1420726478099823,0.13247811794281006,0.159671813249588,0.13745027780532837,2.7B
0.1465289629995823,Git.,0.1449151337146759,0.1315688192844391,0.160979226231575,0.14865267276763916,2.7B
0.14152061194181442,Git.,0.13085463643074036,0.13250021636486053,0.16547636687755585,0.13725122809410095,2.7B
0.14706304296851158,Git.,0.14532342553138733,0.1357179582118988,0.15540984272956848,0.1518009454011917,2.7B
0.1353267151862383,Git.,0.1315160095691681,0.12418333441019058,0.15647843480110168,0.1291290819644928,2.7B
0.14460152760148048,Git.,0.1396969109773636,0.13471366465091705,0.1567050814628601,0.1472904533147812,2.7B
0.14428088814020157,Git.,0.13601985573768616,0.13361112773418427,0.16091106832027435,0.1465815007686615,2.7B
0.14396292716264725,Git.,0.14040455222129822,0.13455866277217865,0.15282504260540009,0.14806345105171204,2.7B
0.14072005078196526,Git.,0.13334667682647705,0.13504227995872498,0.1562272310256958,0.1382640153169632,2.7B
0.14436866715550423,Git.,0.13837763667106628,0.13501477241516113,0.16238582134246826,0.14169643819332123,2.7B
0.1413060501217842,Git.,0.13622751832008362,0.13065055012702942,0.15566295385360718,0.14268317818641663,2.7B
0.14604409039020538,Git.,0.13898137211799622,0.12781521677970886,0.16379927098751068,0.15358050167560577,2.7B
0.141635462641716,Git.,0.14283879101276398,0.12238091230392456,0.15989990532398224,0.14142224192619324,2.7B
0.143564872443676,Git.,0.1465202122926712,0.13812267780303955,0.1541542410850525,0.13546235859394073,2.7B
0.14131073094904423,Git.,0.14787009358406067,0.11978831142187119,0.15576675534248352,0.14181776344776154,2.7B
0.14326941594481468,Git.,0.13828936219215393,0.13577917218208313,0.15046025812625885,0.14854887127876282,2.7B
0.14180968701839447,Git.,0.1359226107597351,0.13233007490634918,0.1533360630273819,0.1456499993801117,2.7B
0.14686989411711693,Git.,0.1462615430355072,0.13191713392734528,0.1638633906841278,0.14543750882148743,2.7B
0.14425339177250862,Git.,0.1412125825881958,0.13314548134803772,0.1533036231994629,0.14935187995433807,2.7B
0.14506599679589272,Git.,0.14382195472717285,0.13032421469688416,0.15738746523857117,0.1487303525209427,2.7B
0.139898169785738,Git.,0.1423424333333969,0.13049013912677765,0.15115611255168915,0.13560399413108826,2.7B
0.1467403694987297,Git.,0.14338889718055725,0.13449601829051971,0.15940289199352264,0.1496736705303192,2.7B
0.1389314867556095,Git.,0.14267505705356598,0.12530045211315155,0.1536710262298584,0.13407941162586212,2.7B
0.1353267151862383,Git.,0.1315160095691681,0.12418333441019058,0.15647843480110168,0.1291290819644928,2.7B
0.1418704092502594,Git.,0.1373426616191864,0.12396979331970215,0.15253332257270813,0.15363585948944092,2.7B
0.1385713778436184,Git.,0.14397700130939484,0.12576863169670105,0.1500917226076126,0.13444815576076508,2.7B
0.1464475616812706,Git.,0.13463662564754486,0.1344611495733261,0.16229978203773499,0.15439268946647644,2.7B
0.1443197764456272,Git.,0.14196881651878357,0.13806387782096863,0.1491122543811798,0.14813415706157684,2.7B
0.14557712897658348,Git.,0.13810789585113525,0.13519641757011414,0.1650654822587967,0.14393872022628784,2.7B
0.14070999994874,Git.,0.14184841513633728,0.12959341704845428,0.15335457026958466,0.1380435973405838,2.7B
0.14203385636210442,Git.,0.13644841313362122,0.1309298723936081,0.1574493944644928,0.14330774545669556,2.7B
0.14322901144623756,Git.,0.1414906233549118,0.13230711221694946,0.1601661741733551,0.1389521360397339,2.7B
0.14891020953655243,Git.,0.14507119357585907,0.13481232523918152,0.1631695181131363,0.15258780121803284,2.7B
0.14146563783288002,Git.,0.13727980852127075,0.13508567214012146,0.15404623746871948,0.1394508332014084,2.7B
0.13933250308036804,Git.,0.13766665756702423,0.12936511635780334,0.15227672457695007,0.13802151381969452,2.7B
0.14730608835816383,Git.,0.1398865282535553,0.14388644695281982,0.1592475175857544,0.14620386064052582,2.7B
0.13874411955475807,Git.,0.1388012170791626,0.1260029822587967,0.15443937480449677,0.13573290407657623,2.7B
0.1408415138721466,Git.,0.13249032199382782,0.13284441828727722,0.1593460887670517,0.1386852264404297,2.7B
0.1433335691690445,Git.,0.13408711552619934,0.1341845989227295,0.15610496699810028,0.14895759522914886,2.7B
0.14111046493053436,Git.,0.14094582200050354,0.13170287013053894,0.1552320271730423,0.13656114041805267,2.7B
0.13997313007712364,Git.,0.13500459492206573,0.13031157851219177,0.1575051248073578,0.13707122206687927,2.7B
0.14183801412582397,Git.,0.13579873740673065,0.1337827444076538,0.15372397005558014,0.1440466046333313,2.7B
0.14822100847959518,Git.,0.14737604558467865,0.1442510485649109,0.15701666474342346,0.14424027502536774,2.7B
0.14544230327010155,Git.,0.13797308504581451,0.1292007714509964,0.1644447147846222,0.15015064179897308,2.7B
0.145920068025589,Git.,0.14443616569042206,0.13502874970436096,0.15908771753311157,0.14512763917446136,2.7B
0.14321333914995193,Git.,0.13986414670944214,0.1273144781589508,0.16887283325195312,0.13680189847946167,2.7B
0.14401942864060402,Git.,0.1455971598625183,0.12271708250045776,0.16751842200756073,0.14024505019187927,2.7B
0.1455800198018551,Git.,0.13906097412109375,0.13108040392398834,0.16046234965324402,0.15171635150909424,2.7B
0.14176155254244804,Git.,0.13873562216758728,0.13438495993614197,0.15576580166816711,0.1381598263978958,2.7B
0.14415667951107025,Git.,0.14523282647132874,0.12945690751075745,0.15965989232063293,0.1422770917415619,2.7B
0.14648467674851418,Git.,0.1390402764081955,0.12764064967632294,0.16438505053520203,0.15487273037433624,2.7B
0.1353267151862383,Git.,0.1315160095691681,0.12418333441019058,0.15647843480110168,0.1291290819644928,2.7B
0.14309358969330788,Git.,0.13468480110168457,0.13381977379322052,0.16057255864143372,0.1432972252368927,2.7B
0.14184148982167244,Git.,0.13963666558265686,0.13004305958747864,0.16024701297283173,0.13743922114372253,2.7B
0.1353267151862383,Git.,0.1315160095691681,0.12418333441019058,0.15647843480110168,0.1291290819644928,2.7B
0.14320989325642586,Git.,0.1380494236946106,0.13664524257183075,0.1550975739955902,0.14304733276367188,2.7B
0.13642734102904797,Git.,0.13908280432224274,0.12483922392129898,0.14952728152275085,0.1322600543498993,2.7B
0.14353108406066895,Git.,0.13427039980888367,0.138179749250412,0.1581994593143463,0.1434747278690338,2.7B
0.1454993598163128,Git.,0.14486776292324066,0.12879732251167297,0.15756705403327942,0.1507652997970581,2.7B
0.1432407908141613,Git.,0.13781587779521942,0.1318688690662384,0.16402113437652588,0.1392572820186615,2.7B
0.14608719572424889,Git.,0.14602746069431305,0.12780417501926422,0.16397075355052948,0.1465463936328888,2.7B
0.14467274397611618,Git.,0.13817352056503296,0.13781778514385223,0.1559855192899704,0.14671415090560913,2.7B
0.14137516915798187,Git.,0.14099279046058655,0.12694473564624786,0.16118595004081726,0.13637720048427582,2.7B
0.1410151906311512,Git.,0.13676372170448303,0.13198553025722504,0.15608346462249756,0.13922804594039917,2.7B
0.1448366343975067,Git.,0.13698852062225342,0.135478213429451,0.15825046598911285,0.1486293375492096,2.7B
0.13926663994789124,Git.,0.14179591834545135,0.13704094290733337,0.1466698795557022,0.131559818983078,2.7B
0.1416555717587471,Git.,0.1413574069738388,0.13438621163368225,0.15353015065193176,0.13734851777553558,2.7B
0.14319638162851334,Git.,0.13834351301193237,0.13653889298439026,0.15805745124816895,0.13984566926956177,2.7B
0.1442205272614956,Git.,0.14060160517692566,0.13097502291202545,0.15682460367679596,0.1484808772802353,2.7B
0.14472980424761772,Git.,0.13679079711437225,0.13017794489860535,0.16282771527767181,0.14912275969982147,2.7B
0.14762938767671585,Git.,0.14683584868907928,0.13699062168598175,0.1656402051448822,0.14105087518692017,2.7B
0.14537791162729263,Git.,0.14393171668052673,0.13257579505443573,0.1632215678691864,0.14178256690502167,2.7B
0.14216526597738266,Git.,0.13643747568130493,0.13455809652805328,0.157426118850708,0.14023937284946442,2.7B
0.1432955600321293,Git.,0.1427699476480484,0.12974289059638977,0.15409696102142334,0.14657244086265564,2.7B
0.14416730403900146,Git.,0.13840153813362122,0.1344543993473053,0.16418351233005524,0.1396297663450241,2.7B
0.1444947049021721,Git.,0.13813327252864838,0.1333838403224945,0.1593932956457138,0.14706841111183167,2.7B
0.14031053334474564,Git.,0.1500743180513382,0.11779461801052094,0.15925541520118713,0.13411778211593628,2.7B
0.14461274817585945,Git.,0.13874685764312744,0.13442182540893555,0.15588955581188202,0.1493927538394928,2.7B
0.1442534253001213,Git.,0.13965775072574615,0.13548500835895538,0.15730048716068268,0.144570454955101,2.7B
0.1401074044406414,Git.,0.13983449339866638,0.13865788280963898,0.14879217743873596,0.1331450641155243,2.7B
0.14496099948883057,Git.,0.13934186100959778,0.12782320380210876,0.1593477725982666,0.15333116054534912,2.7B
0.14327656477689743,Git.,0.13767722249031067,0.12812428176403046,0.1642298400402069,0.1430749148130417,2.7B
0.1446642242372036,Git.,0.13677625358104706,0.1360117644071579,0.15637409687042236,0.14949478209018707,2.7B
0.14208529889583588,Git.,0.141341894865036,0.12968602776527405,0.15852764248847961,0.13878563046455383,2.7B
0.1423085518181324,Git.,0.1452821046113968,0.13288307189941406,0.1557925045490265,0.13527652621269226,2.7B
0.14449865370988846,Git.,0.13717226684093475,0.13714846968650818,0.15894323587417603,0.14473064243793488,2.7B
0.14340527541935444,Git.,0.1466638296842575,0.12477890402078629,0.16085892915725708,0.14131943881511688,2.7B
0.14598114043474197,Git.,0.14700736105442047,0.1355738788843155,0.15866991877555847,0.14267340302467346,2.7B
0.14245260506868362,Git.,0.13717226684093475,0.1343551129102707,0.15765263140201569,0.14063040912151337,2.7B
0.13719222508370876,Git.,0.13576577603816986,0.12323085218667984,0.15642210841178894,0.1333501636981964,2.7B
0.14783597737550735,Git.,0.1433332860469818,0.14057868719100952,0.16043324768543243,0.14699868857860565,2.7B
0.14412157982587814,Git.,0.14085009694099426,0.13989658653736115,0.15457284450531006,0.1411667913198471,2.7B
0.13960004225373268,Git.,0.13612128794193268,0.12931960821151733,0.15601828694343567,0.13694098591804504,2.7B
0.1416904218494892,Git.,0.1393401324748993,0.1347709596157074,0.15815603733062744,0.13449455797672272,2.7B
0.14069795235991478,Git.,0.1374431997537613,0.12565061450004578,0.1529148817062378,0.14678311347961426,2.7B
0.1457611657679081,Git.,0.1466756910085678,0.1401735097169876,0.15499910712242126,0.1411963552236557,2.7B
